topK,shrink,feature_weighting,normalize,tversky_alpha,tversky_beta,iteration,RECALL,MAP
7,20.313201417217225,TF-IDF,False,0.3691069118125733,2.145377446930075,0,0.04211992491998874,0.04211992491998874
4,28.101187900121026,TF-IDF,False,0.15195064865896224,0.48109474639477956,1,0.040162573422107835,0.040162573422107835
2,20.84904335116114,BM25,True,0.4633873741123786,1.3528713698821142,2,0.03758990869488077,0.03758990869488077
5,22.72710020173113,BM25,True,0.13446085489602516,0.7296938122598308,3,0.04023992219701987,0.04023992219701987
6,23.094123168064794,TF-IDF,True,0.11089522445742697,1.0380267639056044,4,0.04163416460527838,0.04163416460527838
26,7.90358831018323,TF-IDF,True,0.18983825459239215,0.629575066587995,5,0.037714381964927525,0.037714381964927525
13,9.732889187674344,BM25,True,0.4748635768673486,1.3333903697172635,6,0.03692027696742292,0.03692027696742292
15,24.821551725508048,TF-IDF,False,0.20384391560007026,1.6999479319092377,7,0.04032094404974748,0.04032094404974748
22,26.728875698622847,BM25,True,0.456721603766947,0.8443537257745978,8,0.03693956879711816,0.03693956879711816
7,11.908762294841031,TF-IDF,False,0.19294994134643276,0.6829260047046485,9,0.04149206191418269,0.04149206191418269
11,16.145277443844797,TF-IDF,False,0.3565520135638959,2.357241266445957,10,0.04146431828622342,0.04146431828622342
9,17.63488807000193,TF-IDF,False,0.32136823782679325,2.3033624264955272,11,0.04171513686751125,0.04171513686751125
10,16.762857076038834,TF-IDF,False,0.3260183112939505,2.3886974255273126,12,0.041499792396152965,0.041499792396152965
20,19.22800357199752,TF-IDF,False,0.3840106463311465,1.9793750283847624,13,0.040008821472863124,0.040008821472863124
18,13.170040127398746,TF-IDF,False,0.2761085968186012,2.0741112993176074,14,0.04033299454008493,0.04033299454008493
10,15.370350343569525,TF-IDF,False,0.26858629917999166,1.830428152961657,15,0.04144985025924417,0.04144985025924417
9,19.533819163865154,TF-IDF,False,0.3990474770457506,2.1582110265938925,16,0.04162530706659914,0.04162530706659914
29,29.91665120761414,TF-IDF,False,0.4156070226892264,1.5729537741892097,17,0.03828002016980529,0.03828002016980529
14,13.21544684457843,BM25,False,0.3122396042253136,2.197600163018376,18,0.03755212975398044,0.03755212975398044
2,18.710280053481814,TF-IDF,False,0.24103388450337654,1.856302666494857,19,0.04148471913972087,0.04148471913972087
17,21.528488960568655,TF-IDF,False,0.34467291038168213,1.5703417871165686,20,0.04005220526677967,0.04005220526677967
7,23.725278023227254,TF-IDF,True,0.36389940001947635,1.0799460812102544,21,0.04130139885770417,0.04130139885770417
6,5.005827112393941,TF-IDF,True,0.10129370263415999,1.1013695375812318,22,0.04213750700465588,0.04213750700465588
12,6.856787484216364,TF-IDF,True,0.42800048241270916,1.1550652044850394,23,0.04052041618146752,0.04052041618146752
9,5.3392773321632685,TF-IDF,True,0.2824196476763585,2.2693775335871162,24,0.04166163435845754,0.04166163435845754
4,10.343414923184461,TF-IDF,False,0.2414570297953997,1.9339412273223047,25,0.042794984552559125,0.042794984552559125
4,9.490080218346094,BM25,True,0.24105776425181552,1.9986540282329375,26,0.038365553630541525,0.038365553630541525
2,5.42576139733535,TF-IDF,False,0.16277310359309705,1.542159924142222,27,0.04126733356866129,0.04126733356866129
7,9.691178267414184,TF-IDF,True,0.24595362245092567,1.7966391137306337,28,0.0420254606618875,0.0420254606618875
5,11.402617061202175,TF-IDF,False,0.10330526944520607,1.1869233029402535,29,0.04262747236794908,0.04262747236794908
4,11.55973277229154,TF-IDF,False,0.10283948322404823,1.2274265633018933,30,0.04276061044997794,0.04276061044997794
5,12.801388956441386,TF-IDF,False,0.10160145217841651,0.9226822893961952,31,0.04241161959401446,0.04241161959401446
4,14.273013893936586,TF-IDF,False,0.13576790900833713,0.911792185530222,32,0.04254042977827932,0.04254042977827932
3,14.63061061266532,TF-IDF,False,0.15426393638640218,1.266784868208164,33,0.04253318167658117,0.04253318167658117
4,11.084364896156503,TF-IDF,False,0.13131185935049422,0.8896737234986996,34,0.04260106768336036,0.04260106768336036
4,11.42163462236365,BM25,False,0.17322393567073188,0.5019788887387022,35,0.038979157114859726,0.038979157114859726
2,11.181058099659564,TF-IDF,False,0.12527775990246998,1.2395830100584333,36,0.041537578099393284,0.041537578099393284
6,8.164883534012619,TF-IDF,False,0.21126574290550693,1.4670276016815955,37,0.042342848847718204,0.042342848847718204
8,10.665859636063455,BM25,False,0.13799514632615698,0.9493522753085576,38,0.03842559194145293,0.03842559194145293
5,7.240344645764939,TF-IDF,False,0.1214497639988347,1.328947496081177,39,0.042606342308760474,0.042606342308760474
24,7.879207784688128,TF-IDF,False,0.4994526420476707,1.4099891842747514,40,0.03904574926053661,0.03904574926053661
5,8.472432975740345,TF-IDF,False,0.1159533644830464,1.2223150531779474,41,0.04264474676613458,0.04264474676613458
5,7.4347147391349075,TF-IDF,False,0.11779773903114645,1.2085657269553831,42,0.04260974038473949,0.04260974038473949
6,8.710870302166573,TF-IDF,False,0.1731875668458126,1.178937496429057,43,0.042298702036409626,0.042298702036409626
3,6.621683717812289,TF-IDF,False,0.14639689312262866,1.0111795228758447,44,0.0426116417294083,0.0426116417294083
3,6.39427426955716,TF-IDF,False,0.14855477158605304,0.7871113585428946,45,0.042502459237738446,0.042502459237738446
8,9.16930828184122,BM25,False,0.20871444991279908,1.0049853637208441,46,0.03813753089825837,0.03813753089825837
3,10.375846553430865,TF-IDF,False,0.18257678551706336,1.6694306873800582,47,0.042610246433201986,0.042610246433201986
11,11.965227990067818,TF-IDF,False,0.15221344038260468,1.3679233374655457,48,0.04110625124257872,0.04110625124257872
7,8.636982113021206,TF-IDF,False,0.22627659296702998,1.0369878305898679,49,0.041872105436604544,0.041872105436604544
2,6.519831102172253,TF-IDF,False,0.11408001215475093,1.2954657695196994,50,0.041260809037370366,0.041260809037370366
3,10.2844763343166,TF-IDF,False,0.1903463812705098,1.7016316283320707,51,0.04262639602879149,0.04262639602879149
3,12.397668134720272,TF-IDF,False,0.19712207876136661,1.700169899830557,52,0.042654771935565064,0.042654771935565064
5,12.419221651877818,TF-IDF,False,0.19688644355283647,1.7137017207692378,53,0.04262685812204229,0.04262685812204229
8,12.550230676770413,TF-IDF,False,0.2642639752643509,1.934782233366378,54,0.041884540253279735,0.041884540253279735
5,14.004950812732844,TF-IDF,False,0.22320393834231061,1.6579295500264961,55,0.042642544497324145,0.042642544497324145
6,14.571062404061264,TF-IDF,False,0.22502801164368957,1.4519012872808155,56,0.04234057332022196,0.04234057332022196
30,13.646704989673072,TF-IDF,False,0.30299401538062287,1.627903219093373,57,0.0389828099056547,0.0389828099056547
9,15.711895469834658,BM25,False,0.2601656200840576,1.764498594806991,58,0.038413273211618776,0.038413273211618776
13,17.333878687042255,TF-IDF,False,0.2825913273742716,1.4718824690145653,59,0.04072480228044004,0.04072480228044004
4,13.694125313983998,TF-IDF,False,0.16873113978388843,2.058941177709035,60,0.04268242539898776,0.04268242539898776
4,11.961663663862193,TF-IDF,False,0.22051956281579801,2.0708335862873457,61,0.04277408779410945,0.04277408779410945
2,16.615120004287313,TF-IDF,False,0.22588751703640025,2.0472223004746386,62,0.04150288842093343,0.04150288842093343
4,13.709045761533355,TF-IDF,False,0.17794294300916466,1.9005171950078141,63,0.04274825340021577,0.04274825340021577
7,15.019189446485465,TF-IDF,False,0.17021381188401521,1.9186492208283208,64,0.04206681124549976,0.04206681124549976
4,13.2748152070569,TF-IDF,False,0.18431043033568184,2.102744353107232,65,0.04271276689266247,0.04271276689266247
3,13.43385766015036,TF-IDF,True,0.20180463056258977,2.108335971568097,66,0.04258075586734294,0.04258075586734294
4,11.913744041161815,TF-IDF,False,0.1832028266802951,2.1964115114506355,67,0.04265756703620444,0.04265756703620444
19,15.68321417968783,TF-IDF,False,0.17811518081443184,2.2029079532535563,68,0.04019187013421282,0.04019187013421282
16,11.733570344871936,BM25,False,0.24978994966845774,2.2932513280074334,69,0.03732406081237234,0.03732406081237234
4,17.87698286193333,TF-IDF,True,0.1567027212453425,2.224338975230754,70,0.042690177295035284,0.042690177295035284
4,18.59506420964477,TF-IDF,True,0.1597817386518228,2.2204701839528473,71,0.04273414039610026,0.04273414039610026
4,17.38321996889731,TF-IDF,True,0.21311736211167667,2.35130249857536,72,0.04276415617038595,0.04276415617038595
6,18.346902682200646,TF-IDF,True,0.16057486092188084,2.371992071776555,73,0.04240331882134961,0.04240331882134961
4,19.397318139218694,TF-IDF,True,0.21164012113637076,2.2644307166417477,74,0.04278388529808467,0.04278388529808467
2,20.658670167237695,TF-IDF,True,0.23439739976217894,2.132728793577823,75,0.041527443605462185,0.041527443605462185
6,22.730558588999074,TF-IDF,True,0.21539463035795212,2.331515391306447,76,0.0424618987208793,0.0424618987208793
7,21.578335672347755,TF-IDF,True,0.25513973419190017,2.26536992031176,77,0.04211664969319103,0.04211664969319103
4,19.72176959496581,TF-IDF,True,0.2358598899623718,1.9882376517011555,78,0.042723158355523476,0.042723158355523476
10,18.829900095426,TF-IDF,True,0.23499152041295546,1.8880239677599404,79,0.04140324308313889,0.04140324308313889
27,19.37248607435725,TF-IDF,True,0.2910530492611964,2.0222491607216413,80,0.03925106292718091,0.03925106292718091
4,19.9184701733099,TF-IDF,True,0.21517358715068446,1.9944248298169838,81,0.04279877146310289,0.04279877146310289
5,21.88021003670926,TF-IDF,True,0.2087985030883741,1.96279812556631,82,0.04265906827574133,0.04265906827574133
22,19.94085818521756,TF-IDF,True,0.21612210706207963,2.164018276487477,83,0.039818228293900526,0.039818228293900526
2,20.19044930388339,TF-IDF,True,0.23734837389007538,1.8341176161316335,84,0.04144930250968351,0.04144930250968351
3,23.51774001375901,TF-IDF,True,0.27127106152344116,2.3944421253867643,85,0.04258850325516386,0.04258850325516386
6,17.896253787040916,BM25,True,0.24731557193322556,1.9770033951881192,86,0.03929511506572646,0.03929511506572646
4,20.71020369690971,TF-IDF,True,0.19165803609855564,2.258658060240813,87,0.04280528472382676,0.04280528472382676
8,25.79322195282259,TF-IDF,True,0.19377785711044598,2.2440642008512492,88,0.041853620579513105,0.041853620579513105
5,20.885359697176845,TF-IDF,True,0.1427068902008612,2.333749648802011,89,0.042611131172718836,0.042611131172718836
3,21.042544673648337,TF-IDF,True,0.20348839628872067,2.182244754995681,90,0.042557976924188674,0.042557976924188674
4,16.936755153767606,TF-IDF,True,0.2178600066884176,2.0775133965201302,91,0.04280517652638254,0.04280517652638254
4,17.247134130053357,TF-IDF,True,0.2192158147356261,2.082596103325419,92,0.042817716159331894,0.042817716159331894
3,16.730687763693574,TF-IDF,True,0.21826316188432435,2.0971270147634695,93,0.04258023404008646,0.04258023404008646
5,17.42690228585308,TF-IDF,True,0.1887199319215608,2.136345574388431,94,0.0427089427892473,0.0427089427892473
7,16.160811328165863,TF-IDF,True,0.33003454607472654,1.8832222140786674,95,0.042104299405769104,0.042104299405769104
2,18.95230991503858,TF-IDF,True,0.20837388761414866,2.0256095515481385,96,0.041519887817282,0.041519887817282
6,16.997580348370615,TF-IDF,True,0.19862688996365052,2.2965350327657728,97,0.0424334630801002,0.0424334630801002
4,21.933648057147522,TF-IDF,True,0.22940009227744826,1.121098443098111,98,0.04222879634400684,0.04222879634400684
5,9.975462117822788,TF-IDF,True,0.21981711407971719,1.780069753946242,99,0.04263573143951575,0.04263573143951575
2,18.240113441085857,BM25,True,0.24272867218917116,2.0664081713953957,100,0.03768304415312166,0.03768304415312166
4,19.17131205127545,TF-IDF,True,0.16359369844395033,2.2498921293697607,101,0.04277091851064254,0.04277091851064254
4,19.700335717064167,TF-IDF,True,0.20495740834082787,2.3414070784804695,102,0.0427841174717668,0.0427841174717668
3,20.236356537653748,TF-IDF,True,0.21114723907987892,2.329230554831314,103,0.042573503257417857,0.042573503257417857
4,19.761588568987623,TF-IDF,True,0.2565981255258123,2.261852000931241,104,0.042814888374047816,0.042814888374047816
5,19.36786308660025,TF-IDF,True,0.2534831038494591,2.2719594521424837,105,0.04263328572645627,0.04263328572645627
5,20.991306957686795,TF-IDF,True,0.2596366168331307,2.3975728329564867,106,0.04262570063480176,0.04262570063480176
3,22.29442832696615,TF-IDF,True,0.22964343820134112,2.3445550913948785,107,0.04258521675779909,0.04258521675779909
4,19.66200944058001,TF-IDF,True,0.202950448587863,2.1444188761436336,108,0.04281909342263078,0.04281909342263078
6,19.14279235604327,TF-IDF,True,0.18829945895103906,2.1650909449428726,109,0.04246856526131559,0.04246856526131559
7,20.405585976895587,TF-IDF,True,0.19583941472162572,2.2324087847130074,110,0.042126234183448186,0.042126234183448186
4,19.892167045675635,TF-IDF,True,0.20717747931934263,2.2924455992979027,111,0.042814209885908755,0.042814209885908755
2,19.861850766085944,TF-IDF,True,0.20187220738957481,2.122474995922157,112,0.041520037715824264,0.041520037715824264
4,19.54249393515367,TF-IDF,True,0.22226388126913416,2.3006540223496432,113,0.04281201437943875,0.04281201437943875
3,21.37195366352461,TF-IDF,True,0.24089271643865198,2.297203803586512,114,0.042593329311993625,0.042593329311993625
6,18.318470630879357,TF-IDF,True,0.20517279122315502,2.0818997089727533,115,0.04244431325504202,0.04244431325504202
4,19.601926369620962,TF-IDF,True,0.22607038441177355,2.167125540439638,116,0.04282217028744754,0.04282217028744754
5,24.346272255088497,TF-IDF,True,0.22656148537695686,2.1817968216699817,117,0.0426409576014775,0.0426409576014775
3,19.627646117160726,TF-IDF,True,0.2467220626703403,2.1436899335748625,118,0.04263694302547869,0.04263694302547869
2,20.475029108689316,TF-IDF,True,0.2688701429044487,2.215860525776263,119,0.04150443136156871,0.04150443136156871
4,21.334050199228887,BM25,True,0.2805126374875092,2.2760373767896804,120,0.03938887716749776,0.03938887716749776
4,18.839354621569974,TF-IDF,True,0.22017470057005362,2.0264509068678374,121,0.04279508936883322,0.04279508936883322
4,29.583825938859505,TF-IDF,True,0.21883557814583315,2.0217448237187905,122,0.04261331991684876,0.04261331991684876
5,18.69011358710273,TF-IDF,True,0.2320005964988816,2.3004503504997267,123,0.04267485045084363,0.04267485045084363
3,18.030488988420707,TF-IDF,True,0.21239505569383094,1.9480354927711239,124,0.042655348988600454,0.042655348988600454
4,19.825915142311644,TF-IDF,True,0.19365035778213832,2.1713705947507864,125,0.04281928727638479,0.04281928727638479
5,20.005391531233204,TF-IDF,True,0.1795112848127317,2.1577594884949636,126,0.04267591213826391,0.04267591213826391
6,20.556546244028347,TF-IDF,True,0.19707351273773355,2.042327164522744,127,0.04245731948946879,0.04245731948946879
3,22.365691284082953,TF-IDF,True,0.1875892780643295,2.093641395268911,128,0.04255891238125757,0.04255891238125757
6,18.800219500823715,TF-IDF,True,0.22069722137470127,2.207385608656148,129,0.042458786917304536,0.042458786917304536
5,19.922384717734797,TF-IDF,True,0.20362351865094985,1.9846993522820917,130,0.0426525843184919,0.0426525843184919
4,19.66447923586813,TF-IDF,True,0.2256907472439069,2.2624428221435617,131,0.04279623783962009,0.04279623783962009
4,20.74458916345086,TF-IDF,True,0.24003422558211335,2.3697680629699747,132,0.042805261055635827,0.042805261055635827
4,20.891054666225536,TF-IDF,True,0.23881556123418235,2.1227940393862936,133,0.04276872187711597,0.04276872187711597
3,17.76204677111395,TF-IDF,True,0.25607626267019723,2.1905840401985,134,0.04261451121579058,0.04261451121579058
5,21.793427849675798,TF-IDF,True,0.22579740802173826,2.239971626371602,135,0.04264983317306426,0.04264983317306426
3,18.52864278908622,TF-IDF,True,0.24866965697851817,2.3778763967858376,136,0.04258559319473984,0.04258559319473984
2,22.98174176715758,TF-IDF,True,0.24077454954546967,2.3080847523749437,137,0.04154057494318382,0.04154057494318382
15,20.356673998443007,TF-IDF,True,0.22879652068056963,2.1715345288590946,138,0.04065892468871655,0.04065892468871655
4,19.051342293622525,TF-IDF,True,0.21558871754717698,2.019782594346697,139,0.04280498718085545,0.04280498718085545
4,18.967233217856442,TF-IDF,True,0.21740102095513356,2.0572779047124636,140,0.04284370045176791,0.04284370045176791
4,19.08297176607336,TF-IDF,True,0.21505730534022346,2.010282139327837,141,0.042795546953857184,0.042795546953857184
5,19.3509444958493,TF-IDF,True,0.2120023570088903,2.107000494009489,142,0.042641246127995115,0.042641246127995115
4,17.224065176886942,TF-IDF,True,0.2167127556373355,2.0647434846852946,143,0.04280013407466468,0.04280013407466468
3,16.271869192015266,TF-IDF,True,0.1939183677355417,2.0800849930559684,144,0.042576578995177715,0.042576578995177715
5,17.061322464297284,TF-IDF,True,0.23191587549687404,2.2378745807761624,145,0.04266690920926887,0.04266690920926887
4,17.660368100219888,TF-IDF,True,0.20502829201799638,0.5564843643625961,146,0.041321894383965205,0.041321894383965205
6,18.194574466235817,TF-IDF,True,0.1738133545370324,2.148145908076821,147,0.042465001508000276,0.042465001508000276
2,21.288951785630523,BM25,True,0.43665785403314605,2.2618196642044333,148,0.037612297676413636,0.037612297676413636
3,19.64547419901182,TF-IDF,True,0.2234332799892582,2.061312557603198,149,0.042621065050556156,0.042621065050556156
4,16.361509075244733,TF-IDF,True,0.1901682040484886,2.188429480503505,150,0.04271531854905267,0.04271531854905267
4,19.045194030207693,TF-IDF,True,0.21339174761083624,2.0061807469685218,151,0.042800211841577535,0.042800211841577535
4,20.272111172326486,TF-IDF,True,0.21445044871021965,1.9396254747824289,152,0.04275557137943017,0.04275557137943017
5,15.574401094307317,TF-IDF,True,0.20131847860055288,2.129123452257003,153,0.04278919373518599,0.04278919373518599
3,20.76802005813972,TF-IDF,True,0.23424681262136332,1.9864824658085498,154,0.0426243752161118,0.0426243752161118
4,17.11175960423409,TF-IDF,True,0.22195250523791552,2.3622729636598367,155,0.04278864485856859,0.04278864485856859
4,18.533861355046046,TF-IDF,True,0.2095288270672395,2.045046149413824,156,0.04283574005022921,0.04283574005022921
5,18.468147839353197,TF-IDF,True,0.1968412485814316,2.0522274829903413,157,0.042680306532374104,0.042680306532374104
2,17.563923406766172,TF-IDF,True,0.1840073161587424,1.8838162806662582,158,0.04150809091470429,0.04150809091470429
6,18.97352808378261,TF-IDF,True,0.2078277394966077,2.0945503155485263,159,0.042435994449469605,0.042435994449469605
21,19.38150365916862,TF-IDF,True,0.2088931482804165,0.41055042211191073,160,0.03697349771229923,0.03697349771229923
3,19.720783388495267,TF-IDF,True,0.22775853147398065,2.319052775878469,161,0.04257731045498235,0.04257731045498235
4,18.17943609521671,TF-IDF,True,0.2183438536611531,2.21970744197942,162,0.04280754447252914,0.04280754447252914
5,18.177931933182137,TF-IDF,True,0.21708564618199194,2.2182798027471073,163,0.04267981288153531,0.04267981288153531
4,16.81594815972169,TF-IDF,True,0.2000455966367315,2.0126879046658157,164,0.04278747384664753,0.04278747384664753
3,18.613976165555247,TF-IDF,True,0.19271658371446848,2.1547499177796223,165,0.04254915094309697,0.04254915094309697
4,17.75748374193596,TF-IDF,True,0.23424270106817544,1.9547955430069817,166,0.04276030839878005,0.04276030839878005
5,20.13983550011139,TF-IDF,True,0.38917040682658127,2.0571466779743677,167,0.042520276877257755,0.042520276877257755
4,19.15960817896767,TF-IDF,True,0.21283437341387632,2.1058929652204306,168,0.04282689941740033,0.04282689941740033
3,19.08574365600055,TF-IDF,True,0.24479450133744216,2.1970221635704226,169,0.04262606918234601,0.04262606918234601
25,18.089097477273018,TF-IDF,True,0.2192063506438954,2.133782804788511,170,0.03945504328573846,0.03945504328573846
4,20.641787172027122,TF-IDF,True,0.20982513924896398,2.0877357549275555,171,0.04283462200997325,0.04283462200997325
4,20.84669447516884,TF-IDF,True,0.2076794526668131,2.0996845716001515,172,0.04281082195344015,0.04281082195344015
5,21.028783087488428,TF-IDF,True,0.20654235726488163,2.1041123162569995,173,0.04266643021016733,0.04266643021016733
4,20.4658223906859,TF-IDF,True,0.18390584700701487,2.1612132523694005,174,0.042816334387806,0.042816334387806
3,20.564453453627394,TF-IDF,True,0.1798659152410936,2.171731453231135,175,0.04256221353035938,0.04256221353035938
6,21.425171303379955,BM25,True,0.16890474894021246,2.29305384324496,176,0.03938723391881532,0.03938723391881532
5,22.18049823681081,TF-IDF,True,0.19392684727377463,2.2283694294155456,177,0.0427242121535468,0.0427242121535468
2,20.344267823313103,TF-IDF,True,0.186507869954039,2.1275211423629403,178,0.04147558209097729,0.04147558209097729
4,20.64332399494991,TF-IDF,True,0.2004216831722402,2.2004131627107775,179,0.04282125286328598,0.04282125286328598
3,20.93448829000697,TF-IDF,True,0.1997826438809285,2.20087269721499,180,0.04257722817984259,0.04257722817984259
4,19.830620713525338,TF-IDF,True,0.2037230083709635,2.2576290653836533,181,0.04281180136572074,0.04281180136572074
4,19.772466331505886,TF-IDF,True,0.20474293652247852,2.2714662483372323,182,0.04281183968564884,0.04281183968564884
5,20.029638647505877,TF-IDF,True,0.18653877445034653,2.278972836075173,183,0.042688958946732254,0.042688958946732254
4,21.592399804913207,TF-IDF,True,0.20326755698773624,2.3307863079880753,184,0.04282280594743167,0.04282280594743167
12,21.803996998009982,TF-IDF,True,0.17588547225958065,2.243927563931961,185,0.04100276940374491,0.04100276940374491
3,21.304136250110876,TF-IDF,True,0.2016457535079368,2.3243555593010123,186,0.04253989104517233,0.04253989104517233
4,19.491022446335116,TF-IDF,True,0.20586185983485183,2.274408115573339,187,0.04281069346897534,0.04281069346897534
5,19.592531461622528,TF-IDF,True,0.20844098823938495,2.215158851700841,188,0.04269140015156496,0.04269140015156496
4,20.081306679306714,TF-IDF,True,0.20035718025245844,2.3080904252641856,189,0.0428258174429593,0.0428258174429593
3,19.96210775392324,TF-IDF,True,0.19538451204583182,2.313318890742582,190,0.0425883364507706,0.0425883364507706
4,20.27140868510724,TF-IDF,True,0.20389770417249284,2.280174328131478,191,0.04281583284757034,0.04281583284757034
4,20.369130397098278,TF-IDF,True,0.20494552809260258,2.276873143732348,192,0.04281525917570525,0.04281525917570525
5,20.42025466082961,TF-IDF,True,0.20049324997682155,2.170961126944987,193,0.04271824889649725,0.04271824889649725
4,20.151847728950187,TF-IDF,True,0.19273027071084106,2.352423418471391,194,0.042782722175560554,0.042782722175560554
3,20.8922306448204,TF-IDF,True,0.18497538817510906,2.3952676953240504,195,0.04256280072690492,0.04256280072690492
4,21.588629045639685,TF-IDF,True,0.20692160400891235,2.2953512917468104,196,0.04282175891174855,0.04282175891174855
6,19.51215706537436,TF-IDF,True,0.2009812760725947,2.3177395156235496,197,0.04247033924857622,0.04247033924857622
5,21.761178553483507,TF-IDF,True,0.1786917263028339,2.2840213955626036,198,0.042672029427899764,0.042672029427899764
4,22.44521811339705,TF-IDF,True,0.1931073346934697,2.261296384254547,199,0.042794457090019174,0.042794457090019174
3,20.026002633613768,TF-IDF,True,0.2075542606752804,2.3262199191841333,200,0.04256892177189396,0.04256892177189396
4,21.359485042754326,TF-IDF,True,0.2094014820801764,2.164137098384825,201,0.04280520244868686,0.04280520244868686
5,20.497520414626706,TF-IDF,True,0.20175492673310358,2.3532811552715236,202,0.04268079792909927,0.04268079792909927
4,20.655876312013646,TF-IDF,True,0.21001328387051008,2.235421968947609,203,0.04283244115524062,0.04283244115524062
17,19.84115785432513,TF-IDF,True,0.18811643499634442,2.244598943211016,204,0.0404175700026177,0.0404175700026177
3,19.229939526718145,TF-IDF,True,0.22545352165690316,2.282748243955581,205,0.04258747650650149,0.04258747650650149
4,20.569788815390496,TF-IDF,True,0.21287680248742755,2.2075165618867376,206,0.042836197635253176,0.042836197635253176
4,21.595394106435865,TF-IDF,True,0.21080167996597435,2.1849000022694427,207,0.0428046186333114,0.0428046186333114
5,20.483876255826328,BM25,True,0.22402180657760767,2.226949633832017,208,0.039437050952429185,0.039437050952429185
2,21.203242704343037,TF-IDF,True,0.2135434635954141,2.1399025768571875,209,0.041471895488480806,0.041471895488480806
4,18.86696116420524,TF-IDF,True,0.19606122369566195,2.2914694621099696,210,0.042789002135545505,0.042789002135545505
4,19.923949039151353,TF-IDF,True,0.20184282149481503,2.244343898335631,211,0.04280220898606673,0.04280220898606673
3,20.32896587454175,TF-IDF,True,0.21234876224448102,2.1945233995009206,212,0.042551928010829125,0.042551928010829125
4,19.525257209713583,TF-IDF,True,0.22193723455499084,2.3062028688827683,213,0.042799958253817896,0.042799958253817896
5,20.79754016770296,TF-IDF,True,0.2057462879751519,2.3501340490768023,214,0.042695667188266916,0.042695667188266916
3,19.430647405162652,TF-IDF,True,0.30539667307530277,2.2121052633240135,215,0.042606374993405284,0.042606374993405284
4,20.182715897887633,TF-IDF,True,0.1978912151945323,2.2563849423355014,216,0.04282274621342604,0.04282274621342604
5,20.477445720851897,TF-IDF,True,0.1883940493334507,2.143262308149379,217,0.04271309261205154,0.04271309261205154
4,21.166770742895817,TF-IDF,True,0.19662216234775426,2.3984188443875536,218,0.042785003338340455,0.042785003338340455
3,18.738783713453987,TF-IDF,True,0.2149538370105545,2.2520962450343953,219,0.04256236342890175,0.04256236342890175
5,20.03737239306154,TF-IDF,True,0.18032523011109186,2.192123276023073,220,0.04268030089709036,0.04268030089709036
4,19.613539272601816,TF-IDF,True,0.20055174938612308,2.2768043868335917,221,0.042813857117158745,0.042813857117158745
4,20.645248941842173,TF-IDF,True,0.19911287956070833,2.2998654141999757,222,0.04282312828565058,0.04282312828565058
3,20.702249746993324,TF-IDF,True,0.19070196691350447,2.335037655169695,223,0.04256194303674909,0.04256194303674909
4,22.10784575289149,TF-IDF,True,0.19706868604611746,2.2956474340253985,224,0.042798905582851314,0.042798905582851314
4,21.575433144363462,TF-IDF,True,0.21354275871852293,2.2309319086504136,225,0.04284338600294588,0.04284338600294588
4,22.65529671509379,TF-IDF,True,0.2115860666513466,2.2267051290477538,226,0.04278416480814857,0.04278416480814857
5,21.473190711184536,TF-IDF,True,0.1979319757837992,2.163160064119416,227,0.04274781272104244,0.04274781272104244
3,23.227651960272937,TF-IDF,True,0.2164444195056054,2.2073388792393005,228,0.04259450595919836,0.04259450595919836
5,21.877732866219958,TF-IDF,True,0.18419159199378862,2.1107040096310206,229,0.04272682692511274,0.04272682692511274
4,21.065350892203217,TF-IDF,True,0.20762070219697792,2.2528905527808702,230,0.042833425075747944,0.042833425075747944
4,20.754368480926843,TF-IDF,True,0.20716713276773846,2.269839428476724,231,0.04280278491204519,0.04280278491204519
4,21.128871425470287,TF-IDF,True,0.20202509632768076,2.232836948051203,232,0.04281982713654858,0.04281982713654858
28,21.182856668832507,TF-IDF,True,0.2106487947263239,2.174382483910875,233,0.03911325432214807,0.03911325432214807
3,21.422171589427524,TF-IDF,True,0.19335487232312729,2.226778384604992,234,0.042529305728557315,0.042529305728557315
5,20.462227145042707,TF-IDF,True,0.22059188277057926,2.136022852027281,235,0.04266228376853338,0.04266228376853338
4,21.03526547922817,TF-IDF,True,0.20299511654768265,2.229012051908823,236,0.04280396043219312,0.04280396043219312
4,22.273795901867675,TF-IDF,True,0.21126683046032257,2.1922037417682203,237,0.0427801547403764,0.0427801547403764
3,21.91206431020199,TF-IDF,True,0.23137921180168694,2.3051206654223133,238,0.042579917337151336,0.042579917337151336
4,20.326672043035344,TF-IDF,True,0.19121399607749703,2.0933157055856073,239,0.042807020391159196,0.042807020391159196
5,20.92944058820932,TF-IDF,True,0.2203467156747041,2.2513815895967664,240,0.04268853630046647,0.04268853630046647
4,20.18776603872161,TF-IDF,True,0.19966853070205587,2.3300586355208437,241,0.042796792351521194,0.042796792351521194
4,19.22883966579675,TF-IDF,True,0.20145188014017798,2.282251391363931,242,0.04280950104297674,0.04280950104297674
3,20.23978891025991,TF-IDF,True,0.2066913119438665,2.159604021710555,243,0.04256469192806352,0.04256469192806352
4,21.480299703448914,TF-IDF,True,0.19502111680234185,2.257826022610101,244,0.04282306178930465,0.04282306178930465
5,21.75052617505679,TF-IDF,True,0.18709218082346765,1.5387901811557376,245,0.042483911265471054,0.042483911265471054
4,20.970339033536746,TF-IDF,True,0.21529329498987787,2.222232795420277,246,0.04281261960889175,0.04281261960889175
3,21.532701749161216,BM25,True,0.28924501255141327,2.3475120265480567,247,0.03895449035171706,0.03895449035171706
4,20.68449411950441,TF-IDF,True,0.19476485488239487,2.260023404912781,248,0.042832186440424296,0.042832186440424296
5,21.236394074567926,TF-IDF,True,0.17058552635425497,2.2428062481773363,249,0.04265878651156393,0.04265878651156393
4,20.669151296312137,TF-IDF,True,0.1953840496916172,2.186590115314173,250,0.04280754785369925,0.04280754785369925
3,21.713479133594696,TF-IDF,True,0.18115461457517879,2.1297094097101956,251,0.042542637682373256,0.042542637682373256
6,20.65520080572516,TF-IDF,True,0.19362836581362555,2.2538054758780643,252,0.04246184349510046,0.04246184349510046
4,22.779403008289577,TF-IDF,True,0.20788053500507328,2.1998663258739017,253,0.04280663944599144,0.04280663944599144
4,21.129315053431956,TF-IDF,True,0.185182579601771,2.0862798240460183,254,0.04279483578107352,0.04279483578107352
5,20.03879162559694,TF-IDF,True,0.19919425131868682,2.304020772473173,255,0.04270782136782144,0.04270782136782144
3,22.273601964291213,TF-IDF,True,0.21259465680833453,2.130328522383138,256,0.04258800058787146,0.04258800058787146
5,20.603751076811953,TF-IDF,True,0.34981170129833933,0.8034663593300593,257,0.04126269798441533,0.04126269798441533
3,21.441993695746156,TF-IDF,True,0.22690767926512262,2.17440424693205,258,0.042620172421642254,0.042620172421642254
4,20.219427344579575,TF-IDF,True,0.1914827542601185,2.251015204053699,259,0.04282228524723193,0.04282228524723193
4,20.35823624605535,TF-IDF,True,0.17723884620791083,2.2216454115684905,260,0.04282256024906895,0.04282256024906895
3,20.92595616720131,TF-IDF,True,0.16538864244087917,2.215626044932764,261,0.04256054435937273,0.04256054435937273
2,20.259615566862042,TF-IDF,True,0.17812368947195872,2.051330233433946,262,0.04148054902989583,0.04148054902989583
4,21.219344086017696,TF-IDF,True,0.18937796686719768,2.173717085973665,263,0.042810065698388196,0.042810065698388196
5,22.005379611868552,TF-IDF,True,0.17837533249584855,2.233752679310102,264,0.04267302011074739,0.04267302011074739
5,18.916967153802414,TF-IDF,True,0.17450458128469054,2.1435967672166885,265,0.042712653059934706,0.042712653059934706
4,19.946243410710018,TF-IDF,True,0.19060798890232966,2.0985063461582256,266,0.04282783374741245,0.04282783374741245
6,19.559088890103855,BM25,True,0.18524118658978858,2.084600691987741,267,0.03935316750271605,0.03935316750271605
4,18.530146076631006,TF-IDF,True,0.16995294209980444,2.1101225203097775,268,0.04279149180381672,0.04279149180381672
3,19.306219040346416,TF-IDF,True,0.19309651784393653,2.1541249370714546,269,0.04255389810595721,0.04255389810595721
4,20.66982608733689,TF-IDF,True,0.1916942678900439,0.6662777581742656,270,0.0414502019009373,0.0414502019009373
23,20.037135261266666,TF-IDF,True,0.1839015550608442,2.059299511087933,271,0.039632150104115936,0.039632150104115936
5,21.60106999208242,TF-IDF,True,0.15854567864044294,2.197451185643887,272,0.042636096605889504,0.042636096605889504
2,20.937606404329102,TF-IDF,True,0.20150128060363648,2.109685931028168,273,0.04151652355300434,0.04151652355300434
4,19.84998461508551,TF-IDF,True,0.19813756064491786,2.2111130812180364,274,0.04281543725066539,0.04281543725066539
14,20.558560649090158,TF-IDF,True,0.21855105746548933,2.030935170011504,275,0.04082504946651732,0.04082504946651732
5,21.317093530706046,TF-IDF,True,0.46756354013411827,2.1621815415425503,276,0.042480166056025795,0.042480166056025795
19,19.153758548675192,TF-IDF,True,0.1915561191407423,2.3225748024586306,277,0.040177617375065304,0.040177617375065304
3,27.730202960407745,TF-IDF,True,0.17518610928002176,2.2403658719019184,278,0.04247356263076546,0.04247356263076546
4,19.91213907367781,TF-IDF,True,0.3281223566523236,2.3608449075179667,279,0.042707027919898076,0.042707027919898076
5,22.106257900204632,TF-IDF,True,0.2115259728449812,2.084181283025574,280,0.04265692912210684,0.04265692912210684
3,20.875808241641113,TF-IDF,True,0.1991056951157524,2.130461795772624,281,0.042551799526364294,0.042551799526364294
4,20.27538385210885,TF-IDF,True,0.1861551503843191,2.2492084058148185,282,0.04280655153556819,0.04280655153556819
6,19.455724439646403,TF-IDF,True,0.21046465291904104,2.1939842173355575,283,0.04246618491754527,0.04246618491754527
3,18.565686618745016,TF-IDF,True,0.21871296204317336,2.316347667656041,284,0.04253705649754798,0.04253705649754798
4,21.654131248949945,TF-IDF,True,0.2060272916644361,2.157992555829999,285,0.04280204443578706,0.04280204443578706
4,22.732561391174567,TF-IDF,True,0.19528999014614157,2.2759096620671966,286,0.04279005029828529,0.04279005029828529
5,20.58490016019612,TF-IDF,True,0.22508890846436924,2.2123483131781843,287,0.04264044704478812,0.04264044704478812
4,19.793027544618415,BM25,True,0.1809509685756951,2.042546585827007,288,0.03951343383974115,0.03951343383974115
3,21.135264548039892,TF-IDF,True,0.20491464932548276,2.11190275529988,289,0.042584517982639174,0.042584517982639174
5,20.178207245794116,TF-IDF,True,0.1914445705730318,2.248753647579075,290,0.04268581671262634,0.04268581671262634
2,19.043146854506585,TF-IDF,True,0.19885637983643847,2.1726900549935926,291,0.04148416800898972,0.04148416800898972
4,21.63557104981478,TF-IDF,True,0.21363053200757398,2.3153046263304273,292,0.04283601843323634,0.04283601843323634
3,22.434143165869248,TF-IDF,True,0.215257819885642,2.3556432595323957,293,0.0425721440270263,0.0425721440270263
4,21.92036696287081,TF-IDF,True,0.22941668437895982,2.3219289187130623,294,0.042829140006138654,0.042829140006138654
10,21.8136882838369,TF-IDF,True,0.23255748386701972,2.377701602010921,295,0.04149041979255702,0.04149041979255702
5,22.203810839528813,TF-IDF,True,0.2216872626751759,2.291743050500677,296,0.04271957431518754,0.04271957431518754
3,21.697634510312806,TF-IDF,True,0.2089731113932827,2.341534113830437,297,0.042560595076924654,0.042560595076924654
4,23.863162168639143,TF-IDF,True,0.22888006042557524,2.3112067460726493,298,0.04279763651699641,0.04279763651699641
4,21.304789869403926,TF-IDF,True,0.211189909639066,2.3194317145508805,299,0.04283902542053712,0.04283902542053712
6,21.440668551312108,TF-IDF,True,0.21489447101124212,2.3977308308295546,300,0.042483418741689205,0.042483418741689205
4,22.91815793489654,TF-IDF,True,0.22437473423112758,2.318713446024219,301,0.042812913770692886,0.042812913770692886
3,23.343319867099602,TF-IDF,True,0.21431419180960623,2.276037924702064,302,0.042579688544639296,0.042579688544639296
5,21.962995883139747,TF-IDF,True,0.20611026571858448,2.3461480615035644,303,0.042691072178062506,0.042691072178062506
5,21.34395955189881,TF-IDF,True,0.20083518782931012,2.3105877029483097,304,0.042658328926540014,0.042658328926540014
4,22.447528332758765,TF-IDF,True,0.21831400652836558,2.253252796471655,305,0.04280233296230464,0.04280233296230464
3,20.985277037070908,TF-IDF,True,0.37114146342139864,2.371460278078055,306,0.042588708379484884,0.042588708379484884
4,21.088538274722346,TF-IDF,True,0.20979103132011626,2.2842964299992445,307,0.042845500361332826,0.042845500361332826
4,21.707092928791653,TF-IDF,True,0.23001126211579137,2.2819462313415753,308,0.04281460660987042,0.04281460660987042
2,21.120240497539132,TF-IDF,True,0.20897901874269115,2.3259998966438307,309,0.04147837719161667,0.04147837719161667
5,22.08494494965186,BM25,True,0.22222284141185486,2.279870944386232,310,0.03961155539686465,0.03961155539686465
4,20.874728453714233,TF-IDF,True,0.21143312214860174,2.346703985427943,311,0.042812388562266344,0.042812388562266344
3,21.419234774396088,TF-IDF,True,0.2011007899194558,2.2423624665024593,312,0.04255230219365666,0.04255230219365666
4,20.71921515935397,TF-IDF,True,0.23396385038397213,2.3066265040953864,313,0.04280374741847507,0.04280374741847507
5,22.54071787568427,TF-IDF,True,0.2166757312200739,1.7416850351235431,314,0.042575022529861964,0.042575022529861964
6,21.27128287319553,TF-IDF,True,0.20535818282672974,2.260200318894659,315,0.04246544106011703,0.04246544106011703
3,20.421995640648774,TF-IDF,True,0.19561741765621682,2.366239346240656,316,0.04257567058746998,0.04257567058746998
4,21.869787792676874,TF-IDF,True,0.21183080922845346,2.2133982188609402,317,0.042824535979480556,0.042824535979480556
5,21.84444006316056,TF-IDF,True,0.2242767143406159,2.2993414084378387,318,0.042680945573528334,0.042680945573528334
4,23.029586766118292,TF-IDF,True,0.21172903817176997,2.2262377457278366,319,0.04274844274574296,0.04274844274574296
3,22.166546487348313,TF-IDF,True,0.219311137723969,2.274577312696949,320,0.04258147943775055,0.04258147943775055
4,21.649540593435994,TF-IDF,True,0.23945704721201835,2.216910553096171,321,0.04280375192670193,0.04280375192670193
5,20.68926027266992,TF-IDF,True,0.20998250339422642,2.3097916349009324,322,0.042696247622472254,0.042696247622472254
2,21.024509523233494,TF-IDF,True,0.18961616227308017,2.342574726114805,323,0.04146588489504933,0.04146588489504933
4,20.1997568357636,TF-IDF,True,0.22856462960216023,2.3975302869900372,324,0.04279671909283495,0.04279671909283495
3,22.367633038609974,TF-IDF,True,0.214468247028425,2.256038317259619,325,0.04256179990054708,0.04256179990054708
5,21.516958332824746,TF-IDF,True,0.1970971873195807,2.2020327979201135,326,0.042712228159555415,0.042712228159555415
4,20.72470571247851,TF-IDF,True,0.2056349212198253,2.2999592200139576,327,0.04282444806905732,0.04282444806905732
3,21.898023374123824,BM25,True,0.22149881624784065,2.3496224144424445,328,0.03893475558873489,0.03893475558873489
6,20.060603706981528,TF-IDF,True,0.21139165541780344,2.313570886604677,329,0.042480787064272704,0.042480787064272704
4,21.004340315682096,TF-IDF,True,0.20532412802971572,2.2747192625204673,330,0.04284507320683996,0.04284507320683996
11,19.47402817066781,TF-IDF,False,0.18990653185974538,2.258367171975588,331,0.041299132346661376,0.041299132346661376
4,20.607069566824567,TF-IDF,True,0.20504014880252433,2.284213883081024,332,0.042813046763384606,0.042813046763384606
5,21.105973492583104,TF-IDF,True,0.4147837057773776,2.3304911436795623,333,0.04254846794673087,0.04254846794673087
3,20.269359832236045,TF-IDF,True,0.22600407478559842,2.2376995848172543,334,0.04257948454737491,0.04257948454737491
5,19.785299851149034,TF-IDF,True,0.21645563064506831,2.3691168995174996,335,0.042700002975428045,0.042700002975428045
4,20.84749180002897,TF-IDF,True,0.1991685176174528,2.2659439742086573,336,0.04282362193648927,0.04282362193648927
4,21.01079861139916,TF-IDF,True,0.1954213212690198,2.2811095325535695,337,0.0428216011238092,0.0428216011238092
2,21.200736168936814,TF-IDF,True,0.18181855027643976,2.322594156012753,338,0.041457611171745345,0.041457611171745345
4,20.75405425944301,TF-IDF,True,0.16553871659369265,2.2613368428751217,339,0.04278064275593162,0.04278064275593162
3,21.51800429554083,TF-IDF,True,0.20304616034945364,2.3043387662225085,340,0.04254053572161012,0.04254053572161012
6,22.093963029863886,TF-IDF,True,0.49008230923715945,2.3679042975265836,341,0.04229714106286702,0.04229714106286702
5,20.459199154124708,TF-IDF,True,0.1897838839857303,2.2205138065456898,342,0.042665529691856496,0.042665529691856496
4,20.778627458018853,TF-IDF,True,0.17428369106430136,2.3298141029633483,343,0.04278494360433478,0.04278494360433478
3,21.391516071421783,TF-IDF,True,0.1965580162891079,2.2694013648872082,344,0.04253831767400594,0.04253831767400594
4,20.231012078899077,TF-IDF,True,0.20900659697589474,1.4112720457499137,345,0.04265242314938265,0.04265242314938265
4,22.444630545873558,TF-IDF,True,0.20147239477097828,2.236796507205089,346,0.04279866890094236,0.04279866890094236
5,21.826828104054346,TF-IDF,True,0.18504948665777568,2.30609912393226,347,0.0426636001707699,0.0426636001707699
9,20.941299133753738,TF-IDF,True,0.15051420543327187,1.6152938888123964,348,0.04146361049460977,0.04146361049460977
3,19.0855025682855,BM25,True,0.20697159291626815,2.27610623045833,349,0.03881276522461889,0.03881276522461889
5,20.261697232341906,TF-IDF,True,0.19600900658876455,2.3939179193074027,350,0.04270416519585589,0.04270416519585589
4,21.26899106900664,TF-IDF,True,0.21428556401065937,2.2361630808715613,351,0.04284055934471862,0.04284055934471862
2,21.56463520516616,TF-IDF,True,0.21640592473476047,2.1992645677661633,352,0.04148725952554383,0.04148725952554383
4,22.65030175054374,TF-IDF,False,0.2169236794735747,1.9899755836466078,353,0.042757713914234836,0.042757713914234836
3,21.316717165819416,TF-IDF,True,0.2076988574683975,2.334116573574538,354,0.042558824470834145,0.042558824470834145
5,21.841909294681823,TF-IDF,True,0.21974010004537234,1.2663951220005811,355,0.04224296344684445,0.04224296344684445
3,5.9209340762651586,TF-IDF,True,0.21258559596811258,2.2382259305354903,356,0.04226796494582973,0.04226796494582973
7,23.86328912961595,TF-IDF,True,0.20504523056692422,2.2924749348851043,357,0.042057197451768426,0.042057197451768426
4,20.86142182116596,TF-IDF,True,0.2296572113668902,2.2002432055526375,358,0.04282492594110211,0.04282492594110211
5,22.15291179784594,TF-IDF,True,0.23531117621899197,2.339316494202327,359,0.042651651115536614,0.042651651115536614
4,25.16023595149606,TF-IDF,True,0.2283781363523705,2.198569557587725,360,0.04274752870275173,0.04274752870275173
3,21.03214232829987,TF-IDF,True,0.2403341092417619,2.270870733143594,361,0.04261863737040405,0.04261863737040405
4,22.922263459065626,TF-IDF,True,0.22267073920809943,1.0664454146606164,362,0.04210694235375265,0.04210694235375265
5,21.390621373652344,TF-IDF,True,0.23356774000101585,2.1972895617522337,363,0.04267148167833908,0.04267148167833908
6,20.914268592529726,TF-IDF,True,0.2132166202999486,2.3634205633805,364,0.04247411488855285,0.04247411488855285
4,21.924815256781766,TF-IDF,True,0.2193580658632833,2.3011728341513837,365,0.042835152853683535,0.042835152853683535
3,21.923347733122117,TF-IDF,True,0.2264573954499414,2.299964086566462,366,0.04256930835234536,0.04256930835234536
4,22.44019036816185,TF-IDF,True,0.21982816965476148,2.3250408053119798,367,0.042831967791422614,0.042831967791422614
5,23.302409957309663,TF-IDF,True,0.22412809309279144,2.308276999748457,368,0.042651207055193034,0.042651207055193034
4,22.713752783822727,BM25,False,0.24479219520745932,2.365190718793653,369,0.03950984867234838,0.03950984867234838
3,22.49339575926161,TF-IDF,True,0.23604054525095752,2.2451498669055954,370,0.04262533884959833,0.04262533884959833
4,22.13116355588465,TF-IDF,True,0.21883942199546125,2.1803449431336257,371,0.0427734431176717,0.0427734431176717
16,21.667511333478455,TF-IDF,True,0.23183076251971152,2.2853762761852097,372,0.04057817783782578,0.04057817783782578
13,22.890292860653716,TF-IDF,True,0.21776612159750167,2.1340386982095345,373,0.04100863460686079,0.04100863460686079
5,22.173043650612914,TF-IDF,True,0.22605260180025347,2.0622006664442583,374,0.042678550578020676,0.042678550578020676
2,21.252683639453643,TF-IDF,True,0.21155690038653369,2.2223175256607135,375,0.04152783920236703,0.04152783920236703
4,20.708351459432404,TF-IDF,True,0.12987402588519908,2.3392944687465906,376,0.042661555689899176,0.042661555689899176
3,23.532681022780846,TF-IDF,True,0.2168632000438851,2.2611514831768798,377,0.04260092229304506,0.04260092229304506
6,21.688188324351696,TF-IDF,True,0.20859684234874254,2.306551838361181,378,0.04247179540584479,0.04247179540584479
5,18.386455252143655,TF-IDF,True,0.2248076528997078,1.8484725430737592,379,0.04263896721932854,0.04263896721932854
4,21.054967700366955,TF-IDF,True,0.2104345318022027,2.220332864746076,380,0.0428359012193385,0.0428359012193385
4,20.556875065239982,TF-IDF,True,0.23166381262439711,2.1613524888407145,381,0.04278523100379585,0.04278523100379585
4,21.05408561058088,TF-IDF,True,0.2509356366750617,2.031894958835389,382,0.042710425995877044,0.042710425995877044
3,20.862953151748254,TF-IDF,True,0.21906682642379272,2.196128466255982,383,0.04256228228081875,0.04256228228081875
5,19.475121345668533,TF-IDF,True,0.21066584402542557,2.0861361442026407,384,0.042626273179610236,0.042626273179610236
4,19.77874076544959,TF-IDF,True,0.20509598927376835,2.2241448575637066,385,0.042810002583212464,0.042810002583212464
3,21.288440502311595,TF-IDF,True,0.22076468877580824,2.1222257401577,386,0.04261774361443344,0.04261774361443344
2,22.390569615728054,TF-IDF,True,0.21329841125714405,2.3921063933425724,387,0.04149398805409905,0.04149398805409905
5,20.582461960328942,TF-IDF,True,0.22992726228066743,2.2823254758572546,388,0.042646859997464884,0.042646859997464884
4,21.949390313975087,TF-IDF,False,0.20238810907679564,2.3281822466119917,389,0.04281993984221955,0.04281993984221955
3,19.93280582429634,TF-IDF,True,0.2132242407447709,1.963109223190827,390,0.04263800471289896,0.04263800471289896
25,21.164430285736085,TF-IDF,True,0.23799140191232812,0.9479542912780002,391,0.038109615957678845,0.038109615957678845
21,18.717414879375934,BM25,True,0.22374912472773906,2.1701476792077172,392,0.03740062740992781,0.03740062740992781
6,20.679146823813667,TF-IDF,True,0.3191833352823321,1.5058630167266285,393,0.04215022020433838,0.04215022020433838
4,21.67919687014196,TF-IDF,True,0.20561084727323062,2.2262551355343874,394,0.042828784983275164,0.042828784983275164
5,22.60625999556511,TF-IDF,True,0.20816794837933703,2.212503464460229,395,0.042677841659350485,0.042677841659350485
3,22.00438599970422,TF-IDF,True,0.21921812852587383,2.1467038554119124,396,0.042602728964950376,0.042602728964950376
4,21.52068842712838,TF-IDF,True,0.213163027942381,2.21938551051231,397,0.04282241598581012,0.04282241598581012
4,22.29505158032306,TF-IDF,True,0.20326581106728828,2.250429078938862,398,0.04279902730497595,0.04279902730497595
5,21.684509269938644,TF-IDF,True,0.22538963854839245,2.1903203418580497,399,0.04265116648115149,0.04265116648115149
17,23.116072627564826,TF-IDF,True,0.20938145781120598,2.0915638905647356,400,0.04026972946581407,0.04026972946581407
4,21.344615786200535,TF-IDF,True,0.21773498323676196,2.2355100894562665,401,0.042816239715042406,0.042816239715042406
3,17.945565715896983,TF-IDF,True,0.20055443555587552,2.166928234281148,402,0.04254970770911137,0.04254970770911137
5,22.03960287159723,TF-IDF,True,0.23281418080326197,2.2726529360854344,403,0.04265956192658008,0.04265956192658008
3,21.032252006795634,TF-IDF,True,0.20689005202830246,2.1144988417269337,404,0.04257705348605263,0.04257705348605263
2,19.185251698733154,TF-IDF,True,0.22118757931175614,1.1706748161868987,405,0.040982987304381095,0.040982987304381095
7,20.13570749945456,TF-IDF,True,0.2134822015411857,2.3300021717350115,406,0.04216769634567489,0.04216769634567489
4,21.717045593267464,BM25,True,0.1979410657044489,2.2386445604982983,407,0.03958945832301938,0.03958945832301938
4,22.73020546692954,TF-IDF,True,0.20373342941890013,2.1874117629930123,408,0.04281473058610849,0.04281473058610849
5,20.67278885736372,TF-IDF,False,0.22584445430399125,1.349282912315434,409,0.042354738168946124,0.042354738168946124
4,21.23789748231563,TF-IDF,True,0.21463821894998827,2.0271209356948097,410,0.042768193287519095,0.042768193287519095
6,19.88699064293281,TF-IDF,True,0.2083947647794007,2.2998902358652975,411,0.04246158427205737,0.04246158427205737
3,22.081135147964876,TF-IDF,True,0.19372671235297922,0.859166400415905,412,0.0415632659759147,0.0415632659759147
5,20.589775689236212,TF-IDF,True,0.22080891281496715,2.2616691740720443,413,0.04268449918333326,0.04268449918333326
4,21.405978280123193,TF-IDF,True,0.23760896896754413,2.363912287644623,414,0.04281730140246274,0.04281730140246274
3,19.64299167413796,TF-IDF,True,0.20202991435484396,2.1331566511867983,415,0.042579092331640006,0.042579092331640006
4,20.960848268034724,TF-IDF,True,0.21490309937478566,2.290017344837195,416,0.04280331350164193,0.04280331350164193
12,18.70177153864968,TF-IDF,True,0.23114487804784237,2.204052163491022,417,0.04113931345114992,0.04113931345114992
4,20.29392022791481,TF-IDF,True,0.2740583732983881,2.344041170301594,418,0.04280319628774416,0.04280319628774416
5,21.75737545623339,TF-IDF,True,0.24380108278787319,2.062186315237137,419,0.04265458259003774,0.04265458259003774
29,22.49211535989575,TF-IDF,True,0.20819910406841102,2.2318140478958606,420,0.03905773888981149,0.03905773888981149
3,20.97079630597889,TF-IDF,True,0.19763496070309325,2.1598543105322925,421,0.04256492635585908,0.04256492635585908
5,23.201763839431305,TF-IDF,True,0.22343890282263135,2.2736922821528154,422,0.042635361764915086,0.042635361764915086
3,19.093614581838835,TF-IDF,True,0.21276842666330248,2.3953530635117106,423,0.04257725522920345,0.04257725522920345
4,20.361256567175182,TF-IDF,True,0.1911290936413284,0.7247519820791948,424,0.04162817768003788,0.04162817768003788
2,21.48651267796842,TF-IDF,True,0.204237461275177,2.2054808468054716,425,0.041493438050424915,0.041493438050424915
4,22.142106780198553,TF-IDF,True,0.21856211176043466,2.3042838019450986,426,0.04281620364922771,0.04281620364922771
5,19.92752591773804,TF-IDF,False,0.22700764030343215,2.2615898417965368,427,0.04265871325287796,0.04265871325287796
3,21.11448132379851,BM25,True,0.2105663371032733,2.3467947438209538,428,0.03893555467194189,0.03893555467194189
6,20.628609247603944,TF-IDF,True,0.19835029814511057,1.9893212680095684,429,0.04241296304561227,0.04241296304561227
4,21.78185759215897,TF-IDF,True,0.21790100453871905,2.115201070007713,430,0.04279846828484802,0.04279846828484802
4,19.429336084064538,TF-IDF,True,0.2053277503556835,2.2323326134788544,431,0.042788907462781973,0.042788907462781973
5,18.378631351020676,TF-IDF,True,0.19012432192239093,2.1834041963107786,432,0.04268416670160376,0.04268416670160376
3,22.532474247156355,TF-IDF,True,0.22815758402603042,2.3191251785284486,433,0.04260345028124433,0.04260345028124433
4,21.349848360360596,TF-IDF,True,0.21211620571743547,2.2770208408345005,434,0.042848370974771816,0.042848370974771816
5,21.452582656164566,TF-IDF,True,0.21978119877135896,2.2986934445186717,435,0.04272047032527159,0.04272047032527159
3,24.177840021531193,TF-IDF,True,0.2339355597690749,2.1530918627351734,436,0.042533689979157296,0.042533689979157296
4,22.075629197342632,TF-IDF,True,0.2130965247659932,2.0805304503811066,437,0.042774167815135884,0.042774167815135884
5,21.267267253936698,TF-IDF,True,0.2088919492081849,2.3514127674771044,438,0.04269985871216931,0.04269985871216931
4,21.68273185259694,TF-IDF,True,0.4375554939705354,2.2292517995850325,439,0.042754975166430835,0.042754975166430835
2,23.022308358198128,TF-IDF,True,0.22339380390749553,1.79774668733205,440,0.04132061630165678,0.04132061630165678
14,20.262491877085438,TF-IDF,True,0.21621396656475733,2.275197317728846,441,0.0408540272215738,0.0408540272215738
3,17.755505293755487,TF-IDF,True,0.24057973699891277,2.1903892499181965,442,0.0426223093211632,0.0426223093211632
4,20.93432729946314,TF-IDF,True,0.20490822995112662,2.319692539106457,443,0.0428212663879666,0.0428212663879666
5,22.302132911946714,TF-IDF,True,0.21233390468296356,2.234928003024937,444,0.04269091664423663,0.04269091664423663
6,19.641321588541285,TF-IDF,True,0.22428570196324565,2.398451143328928,445,0.04247369224228681,0.04247369224228681
4,20.560582105241917,BM25,True,0.2295606238180153,2.287203284658489,446,0.03945056548943203,0.03945056548943203
4,21.695716122415604,TF-IDF,False,0.19903555598114023,1.9111261863174316,447,0.04276632350043825,0.04276632350043825
3,21.21256600601837,TF-IDF,True,0.2170860667088526,2.13409285475815,448,0.042574054388148874,0.042574054388148874
5,20.02349712239553,TF-IDF,True,0.2067028281290101,2.254763202661062,449,0.04270855846290949,0.04270855846290949
3,22.461307806831115,TF-IDF,True,0.1926705839690809,2.3600751857101043,450,0.04253541212180901,0.04253541212180901
4,19.116241274177675,TF-IDF,True,0.21027982552392568,2.0235666490332935,451,0.04282757903259608,0.04282757903259608
5,18.944691350572377,TF-IDF,True,0.22117266757603746,2.0066240192024467,452,0.04266957244427334,0.04266957244427334
4,18.5233879867552,TF-IDF,True,0.25120381716123386,2.0491953588257226,453,0.04274925535363056,0.04274925535363056
2,19.20276065563669,TF-IDF,True,0.2656060083661917,2.0534339398310224,454,0.04149540701849639,0.04149540701849639
3,29.211798236051578,TF-IDF,True,0.2289918533005929,1.9872490449511386,455,0.04237650501517551,0.04237650501517551
5,18.37085200769528,TF-IDF,True,0.21184321783547816,1.9300308199417135,456,0.042656311495030054,0.042656311495030054
18,19.325293097301362,TF-IDF,True,0.23744894324406376,2.090889829947234,457,0.04021737542754732,0.04021737542754732
6,18.793405675027348,TF-IDF,True,0.2161424066002828,2.0429120761408495,458,0.04243782478956569,0.04243782478956569
4,19.915495482749943,TF-IDF,True,0.19993437227717323,2.1034730113682714,459,0.04280584036278453,0.04280584036278453
4,21.866885133161762,TF-IDF,True,0.20931946428981416,2.170656507368075,460,0.04280698770651466,0.04280698770651466
3,17.974623940660464,TF-IDF,True,0.18721613142118057,2.197443267772997,461,0.04258364676780266,0.04258364676780266
5,22.85686057996562,TF-IDF,True,0.21822014899239997,2.1366313606176925,462,0.04264363548821905,0.04264363548821905
3,21.104570214630495,TF-IDF,True,0.22572057718607086,2.024561950461259,463,0.04257652602351274,0.04257652602351274
4,19.560632259979457,TF-IDF,True,0.20335139480605052,0.5801023012833242,464,0.041258674391962694,0.041258674391962694
4,23.48126999184593,BM25,True,0.19625726030028856,2.230090803984077,465,0.03971680220650527,0.03971680220650527
5,20.38003063464629,TF-IDF,False,0.2124975856299066,2.080244657856503,466,0.0426477357205279,0.0426477357205279
4,22.19775834662423,TF-IDF,True,0.2307254433066285,2.159031049864432,467,0.04273400965752196,0.04273400965752196
3,21.545803297250412,TF-IDF,True,0.20353737632833474,1.96703873102707,468,0.04259599254699809,0.04259599254699809
5,19.997484926165786,TF-IDF,True,0.21847614360401268,2.2168242581368025,469,0.042690030777663104,0.042690030777663104
4,20.81302813001379,TF-IDF,True,0.20933138048697653,2.2734940249648523,470,0.04281458406873628,0.04281458406873628
2,21.406846644660593,TF-IDF,True,0.297046755817007,2.109000120461456,471,0.04141622001409148,0.04141622001409148
3,19.157219832015375,TF-IDF,True,0.10963962162308472,2.332298046089764,472,0.04239364754772595,0.04239364754772595
4,21.943529732184004,TF-IDF,True,0.18627624734943407,2.1842176371346365,473,0.04281398334751016,0.04281398334751016
8,22.68841930472914,TF-IDF,True,0.22384559111806993,2.25618337961936,474,0.041847532219168676,0.041847532219168676
5,20.520034936855645,TF-IDF,True,0.3361287490349454,2.309799171044576,475,0.04262448679472568,0.04262448679472568
6,21.1307939696813,TF-IDF,True,0.1961217472381873,2.2132994830044184,476,0.042479272300055174,0.042479272300055174
4,19.56533270182793,TF-IDF,True,0.21115995504697874,2.017290348309459,477,0.042823528390782364,0.042823528390782364
3,21.77112741158936,TF-IDF,True,0.24445289442852938,2.1362953450297093,478,0.04261174767273925,0.04261174767273925
4,20.211961601566557,TF-IDF,True,0.203322914973027,2.2534189977694647,479,0.04280508410773246,0.04280508410773246
5,18.697765605674235,TF-IDF,True,0.23568216608347178,2.3664537398339203,480,0.042685354619375594,0.042685354619375594
3,20.852884923707855,TF-IDF,True,0.21878549735775082,2.063741815089019,481,0.042650450800141244,0.042650450800141244
4,21.58808830637913,TF-IDF,True,0.195879195474146,2.295107922541526,482,0.04281361254585274,0.04281361254585274
5,17.52533797659324,TF-IDF,True,0.3631066061064656,1.0092160169538384,483,0.041810304408999306,0.041810304408999306
2,22.49228093691176,BM25,True,0.22342113545379358,2.188214681623054,484,0.03796598723179881,0.03796598723179881
4,21.185661797711777,TF-IDF,False,0.20925437964299715,2.3334428675434533,485,0.04282747872454895,0.04282747872454895
3,20.31749910051783,TF-IDF,False,0.20566638500695206,2.344737761927992,486,0.04254495941919457,0.04254495941919457
5,19.89489579786628,TF-IDF,False,0.18609477898494797,2.371453616880083,487,0.04269168529691227,0.04269168529691227
6,21.051079688230256,TF-IDF,False,0.21442709519827943,2.3224663724318013,488,0.042470282895740764,0.042470282895740764
27,20.499345146829423,TF-IDF,False,0.13978071295741037,2.3151646736087717,489,0.039297344383897474,0.039297344383897474
4,18.116099067091973,TF-IDF,False,0.19871477120285447,2.2832697376469175,490,0.04281506757606462,0.04281506757606462
4,21.340612843112005,TF-IDF,True,0.2072754699609513,2.368455149780671,491,0.042828516743778355,0.042828516743778355
3,21.390877158148317,TF-IDF,False,0.19477524984449426,2.387294150596927,492,0.04254944397784145,0.04254944397784145
11,22.057097988496537,TF-IDF,False,0.2049322011291043,2.3708561671487307,493,0.04125002873994465,0.04125002873994465
4,21.34179201992134,TF-IDF,False,0.19158160284252077,2.3916006840357062,494,0.042785844122645675,0.042785844122645675
5,19.127667572261572,TF-IDF,False,0.20756053814219994,2.3479402555776705,495,0.04270924033221852,0.04270924033221852
4,19.65444964053234,TF-IDF,False,0.2135908089953398,2.335509857626917,496,0.04281213159333655,0.04281213159333655
3,20.871824283719537,TF-IDF,True,0.19951089927173585,2.325159111930219,497,0.042556846486309,0.042556846486309
5,22.201082689722007,TF-IDF,True,0.20503482677460624,2.355544613706662,498,0.04270242840146683,0.04270242840146683
4,21.519899419966727,TF-IDF,True,0.183988307788595,2.3958022535967247,499,0.04274859151722869,0.04274859151722869
