topK,l1_ratio,alpha,time,cutoff,PRECISION,PRECISION_RECALL_MIN_DEN,RECALL,MAP,MAP_MIN_DEN,MRR,NDCG,F1,HIT_RATE,ARHR_ALL_HITS,NOVELTY,AVERAGE_POPULARITY,DIVERSITY_MEAN_INTER_LIST,DIVERSITY_HERFINDAHL,COVERAGE_ITEM,COVERAGE_ITEM_HIT,ITEMS_IN_GT,COVERAGE_USER,COVERAGE_USER_HIT,USERS_IN_GT,DIVERSITY_GINI,SHANNON_ENTROPY,RATIO_DIVERSITY_HERFINDAHL,RATIO_DIVERSITY_GINI,RATIO_SHANNON_ENTROPY,RATIO_AVERAGE_POPULARITY,RATIO_NOVELTY
300,0.111,0.0002,2024-11-30 01:14:18,10,0.1110807998424853,0.16569955193784183,0.1406458670338835,0.06027638162913745,0.08771286237535604,0.309902811983987,0.16266683048088149,0.12412713836422112,0.5708299350338892,0.4246941195692697,0.0037433160682408127,0.09589021978782773,0.9983472044950537,0.9998319127043942,0.6621022533511712,0.3140263896539965,0.9955142834658063,0.9949910454443698,0.5679706738303112,0.9949910454443698,0.2554741295870835,13.548310279846191,0.9998898580666281,0.42020155973651924,0.9178653949363497,1.308908748029946,0.24472733290724244
300,0.111,0.00022,2024-11-30 01:36:16,10,0.11126079253028223,0.16594825835200083,0.14085371307328443,0.060339164792857,0.08781535235232583,0.31015290227049813,0.16287001191063197,0.12432046073548017,0.5719548893326208,0.42505898197887726,0.003738969728134732,0.09705768155859971,0.9983020266139015,0.9998273950477596,0.6541276461792712,0.3121114346423231,0.9955142834658063,0.9949910454443698,0.5690899932840833,0.9949910454443698,0.2505135475244803,13.518305778503418,0.9998853401481723,0.4120424387982235,0.9158326622260707,1.3248446894443586,0.2444431815818726
300,0.111,0.00023999999999999998,2024-11-30 01:58:08,10,0.1113732879601555,0.16608170159158378,0.14091676962268598,0.06038783915474662,0.08785378957961018,0.3101232940983298,0.16293070111272748,0.12441523944279036,0.5721798801923672,0.4251399719922289,0.0037348873861688804,0.09815640426949922,0.9982533894887891,0.9998225314775482,0.6460481099656358,0.3099866215471787,0.9955142834658063,0.9949910454443698,0.5693138571748377,0.9949910454443698,0.24590309088836493,13.489630699157715,0.9998804762960922,0.4044592010248939,0.91388999465463,1.3398423374958244,0.2441762897022917
300,0.111,0.00026,2024-11-30 02:19:38,10,0.11148297100428178,0.16627972926099505,0.14108092363644228,0.060436817075732896,0.087907911202844,0.3101508153017093,0.16303693992524945,0.12454765588242356,0.5722923756222403,0.42531911650019727,0.0037312203114821096,0.09911773637812364,0.9982101320915479,0.9998182058625389,0.6374701608037565,0.308150363316807,0.9955142834658063,0.9949910454443698,0.5694257891202149,0.9949910454443698,0.24157705186598077,13.462526321411133,0.9998761504303915,0.39734377079473737,0.912053738334026,1.3529645934414751,0.24393654681355217
300,0.11275,0.0002,2024-11-30 02:40:46,10,0.11113704755742183,0.16576255161062303,0.14068309873490342,0.06030637817838475,0.08774800555863373,0.3099902637884002,0.16272502821644982,0.12417675444026177,0.5710268020361673,0.42484989449091326,0.003743042969349554,0.09598139880024889,0.9983445656489155,0.9998316488345154,0.6614202145798903,0.31394769287269486,0.9955142834658063,0.9949910454443698,0.5681665547347213,0.9949910454443698,0.25514488362753973,13.546358108520508,0.9998895941814567,0.4196600189317386,0.917733140030179,1.310153348441321,0.24470947848029603
300,0.11275,0.00022,2024-11-30 03:01:44,10,0.11128047923051006,0.1660357547974578,0.14093404578154295,0.06035841401085754,0.08784480472370865,0.31013179821713593,0.16290737775197178,0.12436403616100432,0.5718423939027477,0.4251178411948641,0.0037386908221500263,0.0971319767951918,0.9982988271256729,0.9998270751093514,0.6534980719288581,0.3120589701214554,0.9955142834658063,0.9949910454443698,0.5689780613387061,0.9949910454443698,0.25013578455411867,13.51606273651123,0.999885020191222,0.41142109764867846,0.915680701532708,1.3258588250394954,0.24442494750371177
300,0.11275,0.00023999999999999998,2024-11-30 03:22:34,10,0.11144640998957303,0.16621036823950114,0.14100914994742014,0.06040559401381262,0.08787837726855416,0.31013576010975535,0.16299195262641686,0.12449687019167605,0.5725736141969232,0.42518464651661225,0.0037345815662304075,0.09828512827683981,0.9982482885000161,0.9998220213892637,0.6450775163295821,0.30964560216153825,0.9955142834658063,0.9949910454443698,0.5697056189836579,0.9949910454443698,0.24553485072312814,13.48714828491211,0.9998799661782455,0.4038535228999103,0.9137218170675453,1.3415994299257132,0.24415629606656122
300,0.11275,0.00026,2024-11-30 03:43:27,10,0.11146609668980073,0.16626763153817917,0.14107329000485805,0.060423092186877886,0.08788547902971933,0.31010854023341977,0.16301330467167285,0.12453415041387193,0.572264251764772,0.4252419098152903,0.0037308079051742763,0.09926353338825736,0.9982037475108101,0.9998175674118102,0.6366044962094384,0.3080192020146376,0.9955142834658063,0.9949910454443698,0.5693978061338706,0.9949910454443698,0.24124073694882045,13.460002899169922,0.9998755119426612,0.39679060303179464,0.911882782553993,1.3549547336499643,0.24390958486485473
300,0.11449999999999999,0.0002,2024-11-30 04:04:31,10,0.11115110948615599,0.165790943314353,0.14070831735932918,0.060328341571836176,0.08777022009781343,0.31006963556392186,0.162753375593752,0.12419535599129741,0.5710830497511039,0.42495734548285985,0.0037428589737250255,0.09603266511536798,0.9983434132003743,0.9998315335978987,0.6609480338920805,0.3138427638309593,0.9955142834658063,0.9949910454443698,0.5682225207074099,0.9949910454443698,0.25490292003973014,13.544997215270996,0.9998894789381615,0.4192620393900865,0.9176409427897758,1.3108531375176953,0.24469744937090837
300,0.11449999999999999,0.00022,2024-11-30 04:25:29,10,0.11129454115924421,0.16604956004019128,0.14093737566443243,0.060349355227084935,0.08783342854718947,0.31001649040151597,0.1628931144844858,0.1243741137464857,0.5719267654751525,0.4250078903044763,0.0037384572648628445,0.09720588411650836,0.9982957760240923,0.9998267700138967,0.6531308202827838,0.3120589701214554,0.9955142834658063,0.9949910454443698,0.569062010297739,0.9949910454443698,0.24987367244522257,13.514415740966797,0.9998847150780855,0.41098997800003934,0.9155691215508044,1.3268676655618006,0.24440967819411272
300,0.11449999999999999,0.00023999999999999998,2024-11-30 04:46:14,10,0.11144078521807933,0.1662336485437387,0.1410394815273937,0.06040891977156084,0.08788155814662967,0.3101429584780359,0.1629966519858595,0.12450518031184207,0.5724611187670501,0.4252018779594424,0.003734347804348995,0.09837781400895886,0.9982443005692989,0.9998216226085788,0.6442905485165656,0.3094095118176333,0.9955142834658063,0.9949910454443698,0.5695936870382807,0.9949910454443698,0.2452603675695364,13.485334396362305,0.9998795673744492,0.403402055467779,0.9135989304864331,1.342864597174851,0.24414101338117464
300,0.11449999999999999,0.00026,2024-11-30 05:07:08,10,0.11150265770450951,0.16627076757149206,0.14104675775887368,0.06044240725041773,0.08790254571698317,0.31007518221358904,0.1630302883566775,0.12454662246485233,0.5722361279073037,0.42528162918383405,0.003730417536449274,0.09940248274764489,0.9981976313865135,0.9998169558239169,0.6359486896985913,0.30794050523333594,0.9955142834658063,0.9949910454443698,0.5693698231475263,0.9949910454443698,0.24086230721537238,13.457295417785645,0.9998749003193234,0.39616816519629805,0.9116993572102614,1.3568514029081842,0.24388406367049695
300,0.11624999999999999,0.0002,2024-11-30 05:28:09,10,0.11115673425764962,0.1658096032705779,0.14073566385303524,0.06034297602195452,0.08779841283003466,0.310191394010342,0.1627879671426871,0.12420951886457236,0.5712799167533819,0.4250771397233609,0.0037426341572603925,0.09611699411170611,0.9983405411752178,0.9998312464012997,0.6600299047768946,0.3135279767057527,0.9955142834658063,0.9949910454443698,0.56841840161182,0.9949910454443698,0.2545995686560719,13.543135643005371,0.999889191724918,0.4187630897517515,0.9175148257517469,1.312004234691774,0.2446827515113688
300,0.11624999999999999,0.00022,2024-11-30 05:48:51,10,0.11128329161625691,0.16600049953327445,0.1408755959113956,0.060340901329453044,0.08781632162984226,0.3099361811640791,0.162858424096889,0.12434302970743086,0.571870517760216,0.4249135637793492,0.0037380972418177847,0.0973337968132427,0.9982905141512882,0.9998262438457459,0.652186458907164,0.311691718475381,0.9955142834658063,0.9949910454443698,0.5690060443250504,0.9949910454443698,0.24951005063611936,13.5118989944458,0.9998841888794406,0.4103918961058517,0.9153986180347398,1.3286136835405906,0.2443861409137986
300,0.11624999999999999,0.00023999999999999998,2024-11-30 06:09:33,10,0.11143234806083888,0.16622293469327457,0.1410315309877459,0.06040106741199151,0.08787738501950057,0.31014014609228907,0.16299112545168623,0.12449681679457328,0.5724611187670501,0.42517733654572315,0.0037340724234571202,0.09844309494607137,0.9982413769726632,0.9998213302606018,0.6431625613179087,0.30927835051546393,0.9955142834658063,0.9949910454443698,0.5695936870382807,0.9949910454443698,0.244886332511576,13.482999801635742,0.9998792750095291,0.40278684595515585,0.9134407673157904,1.3437556869007399,0.24412300976353363
300,0.11624999999999999,0.00026,2024-11-30 06:30:49,10,0.11153640633347148,0.16633489443062413,0.14109466889120778,0.06045663546703937,0.08793709811059228,0.3101815171794455,0.16309060143634105,0.12458635428709935,0.5724329949095818,0.425407371843396,0.0037300834736825167,0.09949891280830661,0.9981942167534644,0.999816614377778,0.6348993992812361,0.3077568794102988,0.9955142834658063,0.9949910454443698,0.5695657040519364,0.9949910454443698,0.24048398032190468,13.454861640930176,0.9998745588533959,0.39554589651107996,0.9115344746892319,1.358167680524947,0.24386222359916934
300,0.118,0.0002,2024-11-30 06:52:00,10,0.11116235902914327,0.16577453773082979,0.14068420939812326,0.06035658261204394,0.08781456109425663,0.31032223690913496,0.1628085018826671,0.1241929853760294,0.5713924121832551,0.4252037640435337,0.0037424097983205355,0.09620147212427793,0.9983379417195652,0.999830986460438,0.6592167047034443,0.3137116025287899,0.9955142834658063,0.9949910454443698,0.5685303335571972,0.9949910454443698,0.25433462704602333,13.541419982910156,0.9998889317689914,0.41832731616496427,0.9173985939118832,1.3131573659487061,0.24466808356349473
300,0.118,0.00022,2024-11-30 07:12:55,10,0.1112720420732696,0.16599315608160206,0.1408665333153543,0.06034264121412734,0.08781317688975443,0.3100151065291649,0.1628629269350864,0.12433247707235953,0.5719548893326208,0.4249638630752265,0.0037378027591514654,0.09744491561695527,0.9982850918690372,0.9998257016268326,0.6511371684898087,0.3115343249127777,0.9955142834658063,0.9949910454443698,0.5690899932840833,0.9949910454443698,0.24920126452098862,13.509730339050293,0.9998836466291029,0.4098840074698765,0.9152516968541672,1.330130463610256,0.24436688847660068
300,0.118,0.00023999999999999998,2024-11-30 07:33:40,10,0.11143516044658568,0.16625474143683985,0.14105862075061013,0.060400898892051996,0.08786893628570382,0.3100585980658917,0.16298197432032335,0.12450912621441541,0.5724048710521135,0.4251280528335882,0.003733815544939862,0.09852472036216646,0.9982379008018679,0.9998209826590028,0.6423493612444584,0.30927835051546393,0.9955142834658063,0.9949910454443698,0.5695377210655921,0.9949910454443698,0.2445449828617763,13.480769157409668,0.9998789273877848,0.40222539710907046,0.913289646541226,1.3448698800001493,0.24410621577839753
300,0.118,0.00026,2024-11-30 07:54:47,10,0.11155609303369927,0.1663563779328568,0.14110420117651573,0.06047916245366622,0.08796479415363075,0.310290251601395,0.16312622373309382,0.12460235149410984,0.5724892426245184,0.4255356702027038,0.0037298021573244555,0.09960584496544936,0.9981902457495823,0.9998162172851153,0.6339812701660502,0.3075994858476955,0.9955142834658063,0.9949910454443698,0.569621670024625,0.9949910454443698,0.24019276951515256,13.452813148498535,0.9998741617377196,0.39506691558488144,0.9113956942600895,1.3596273125524836,0.24384383193767017
310,0.111,0.0002,2024-11-30 08:15:55,10,0.11108361222823207,0.16568127143048744,0.14062278677760337,0.060299106152382285,0.08773162825662874,0.30999970536912175,0.16268435873989467,0.12411990460754638,0.5708861827488259,0.42481746277273785,0.0037425870232050858,0.0961889665873196,0.9983385975948776,0.9998310520604718,0.6618661630072663,0.31379029931009156,0.9955142834658063,0.9949910454443698,0.5680266398029997,0.9949910454443698,0.2551031769251483,13.545145034790039,0.9998889973728271,0.4195914201212654,0.9176509572062176,1.3129866644239856,0.244679670021205
310,0.111,0.00022,2024-11-30 08:39:25,10,0.11125235537304179,0.1659481021083483,0.14085038133271138,0.060330420728441726,0.08780504611267628,0.31009144271372124,0.16285625207524856,0.12431389586020039,0.5718423939027477,0.4250069416823,0.003738462619901122,0.09726865779635292,0.9982941624379398,0.9998266086622607,0.6540489493979696,0.31224259594449255,0.9955142834658063,0.9949910454443698,0.5689780613387061,0.9949910454443698,0.2502624041773913,13.515957832336426,0.9998845537170984,0.4116293604707435,0.9156735945274912,1.3277245310364694,0.2444100282912489
310,0.111,0.00023999999999999998,2024-11-30 11:01:35,10,0.11137047557440868,0.16608415684898176,0.14091534276692336,0.06037888974153077,0.08783781295311499,0.3100304295673799,0.16290771133766388,0.12441292850198982,0.5721517563348989,0.4250288492744463,0.0037343142217324196,0.09842724718786819,0.9982435222512724,0.9998215447849361,0.6458382518821647,0.3097505312032738,0.9955142834658063,0.9949910454443698,0.5692858741884934,0.9949910454443698,0.24561920665559345,13.486948013305664,0.9998794895462962,0.40399227078194533,0.913708249148495,1.343539363803403,0.24413881784544197
310,0.111,0.00026,2024-11-30 12:01:41,10,0.11151671963324371,0.16631164760716932,0.14109745635198634,0.060457628730259436,0.08792603796874714,0.31025334461859866,0.1630732222233565,0.12457515829902029,0.572348623337177,0.425439122785656,0.003730607170106353,0.0993823868441081,0.9982001949319644,0.9998172121704556,0.637129141418116,0.3080454342750715,0.9955142834658063,0.9949910454443698,0.5694817550929036,0.9949910454443698,0.24127862544029144,13.459661483764648,0.9998751566807186,0.39685292168315045,0.9118596524824693,1.3565770923059448,0.2438964613783796
310,0.11275,0.0002,2024-11-30 12:24:18,10,0.11113142278592818,0.16573544333689672,0.1406638466005858,0.06031297724065497,0.08775009317843724,0.3100392461734908,0.162725996157884,0.12416574342601132,0.571195545180977,0.42490348606375583,0.0037423844545556367,0.09626424580412253,0.9983366094036263,0.9998308532376541,0.6612890532777209,0.313685370268356,0.9955142834658063,0.9949910454443698,0.5683344526527871,0.9949910454443698,0.25483149789469367,13.543621063232422,0.9998887985384866,0.4191445648857499,0.9175477118031592,1.3140142314233754,0.24466642666039692
310,0.11275,0.00022,2024-11-30 12:46:26,10,0.11129454115924424,0.16602020855402394,0.14089795886273704,0.06035181606461339,0.08783066510272962,0.3100940430545108,0.1628933519808294,0.12435876309196828,0.5717298984728746,0.42506495271845873,0.003738119226680467,0.09736844190494479,0.9982908925530604,0.9998262816807255,0.6534193751475564,0.31192780881928595,0.9955142834658063,0.9949910454443698,0.5688661293933288,0.9949910454443698,0.24987433965094874,13.51361083984375,0.9998842267166129,0.41099107541404073,0.9155145914380501,1.3290865916609964,0.24438757822144522
310,0.11275,0.00023999999999999998,2024-11-30 13:10:24,10,0.11140984897486428,0.16618294747846954,0.14100360796339684,0.060396599959553224,0.08786204536046766,0.31015512316241706,0.1629716543266816,0.1244718951094227,0.5725173664819867,0.42518303943904256,0.0037340639168390506,0.09850720504134639,0.9982402283207953,0.9998212154023349,0.644893890506545,0.3094619763385011,0.9955142834658063,0.9949910454443698,0.5696496530109694,0.9949910454443698,0.24525980482680318,13.484667778015137,0.9998791601446056,0.40340112987357263,0.9135537686987374,1.3446307945470481,0.24412245362509533
310,0.11275,0.00026,2024-11-30 13:52:03,10,0.111494220547269,0.16627862439516575,0.1410623313571544,0.06044156241866758,0.08791033464906971,0.31020484212472677,0.16304886375391825,0.12454742959270701,0.5721517563348989,0.42536162593396587,0.0037302848059937374,0.09948899731541266,0.9981962267755873,0.9998168153688312,0.6363159413446656,0.30788804071246817,0.9955142834658063,0.9949910454443698,0.5692858741884934,0.9949910454443698,0.24098032059300067,13.457613945007324,0.9998747598560975,0.3963622725426244,0.9117209366624651,1.3580323332974753,0.24387538613170864
310,0.11449999999999999,0.0002,2024-11-30 14:44:43,10,0.11118204572937107,0.16580730425683254,0.14072515141172287,0.06034165576309005,0.08778436269043324,0.31013234506991966,0.16278502840276488,0.12422122430084764,0.5714205360407233,0.42505150460407426,0.003742176674354837,0.09633217591872564,0.998333685174212,0.9998305608169176,0.6607644080690434,0.31363290574748826,0.9955142834658063,0.9949910454443698,0.5685583165435415,0.9949910454443698,0.2545741443112013,13.542011260986328,0.9998885061008027,0.41872127201706666,0.9174386515776506,1.3149414826222507,0.24465284258321893
310,0.11449999999999999,0.00022,2024-11-30 15:06:52,10,0.11131704024521885,0.16606320903927213,0.14093776716008719,0.06035525230894454,0.08783993691019645,0.3101399898486365,0.16291977795626575,0.1243883140258496,0.5719830131900892,0.42511242846832803,0.00373774434332219,0.09754405635387105,0.9982831595205224,0.9998255083919503,0.6529734267201804,0.3119015765588521,0.9955142834658063,0.9949910454443698,0.5691179762704276,0.9949910454443698,0.24954965878321592,13.511197090148926,0.9998834533830216,0.4104570432313753,0.9153510657089255,1.331483742162775,0.24436306941621744
310,0.11449999999999999,0.00023999999999999998,2024-11-30 15:29:56,10,0.11142672328934515,0.16624305664367744,0.1410658714657767,0.06040054176370316,0.08787079291910738,0.3101169327496168,0.16298765835602746,0.12450668377527598,0.5725736141969232,0.42515950244880496,0.003733808400196579,0.09859499925645569,0.9982365036260935,0.9998208429460647,0.6440282259122269,0.30922588599459616,0.9955142834658063,0.9949910454443698,0.5697056189836579,0.9949910454443698,0.24496650992432295,13.48270034790039,0.9998787876667496,0.40291872104539045,0.9134204800463533,1.3458291922192742,0.24410574867545026
310,0.11449999999999999,0.00026,2024-11-30 15:52:08,10,0.11150828247600314,0.16627741908698854,0.14105268996492815,0.06045055424087486,0.08791616600053562,0.31013044782556637,0.16304614700837627,0.12455244406605917,0.5720392609050258,0.4253409571307792,0.0037299300008489396,0.0996271329988566,0.9981898244770407,0.9998161751718726,0.6357650638755542,0.3079142729729021,0.9955142834658063,0.9949910454443698,0.5691739422431162,0.9949910454443698,0.24064055456086114,13.455121994018555,0.9998741196220362,0.3958034284166799,0.9115521129839972,1.3599178958175626,0.24385218998283817
310,0.11624999999999999,0.0002,2024-11-30 16:19:21,10,0.11117079618638374,0.1657928070779232,0.14071693549319178,0.06035152701385619,0.08780661472277519,0.3102056568237725,0.16279916744011577,0.12421100187274112,0.5714486598981916,0.4251259100634949,0.0037419190471665365,0.09641896250025363,0.9983304075377912,0.9998302330641309,0.6598462789538575,0.31339681540358333,0.9955142834658063,0.9949910454443698,0.5685862995298858,0.9949910454443698,0.2542513167763139,13.53994083404541,0.9998881783290211,0.41819028817966275,0.9172983851383264,1.3161261260199293,0.24463599965210445
310,0.11624999999999999,0.00022,2024-11-30 16:41:03,10,0.11129172877349741,0.16602246292672593,0.14089177230289174,0.0603633211775753,0.08784339434130868,0.310133170929227,0.1629025026492179,0.12435459768481137,0.5719267654751525,0.4251174505857335,0.0037375087970499005,0.09760573488266365,0.9982805766753153,0.9998252501100069,0.6520815298654286,0.3115605571732116,0.9955142834658063,0.9949910454443698,0.569062010297739,0.9949910454443698,0.2492401455584393,13.50931453704834,0.9998831950861095,0.40994795865196826,0.9152235272698533,1.3323256587428067,0.24434767007244235
310,0.11624999999999999,0.00023999999999999998,2024-11-30 17:03:24,10,0.11139859943187687,0.16623281152417116,0.14106700306346706,0.06039839787758426,0.08787871356884455,0.3102030006816785,0.162996622729842,0.12448956540614145,0.5724892426245184,0.4252276916429047,0.0037335485814310645,0.09866696463605813,0.9982336444147093,0.9998205570154823,0.6429264709740038,0.30909472469242677,0.9955142834658063,0.9949910454443698,0.569621670024625,0.9949910454443698,0.24460416218011266,13.48044204711914,0.9998785017195961,0.40232273472172525,0.9132674856067773,1.3468115250903987,0.24408876246526537
310,0.11624999999999999,0.00026,2024-11-30 17:25:40,10,0.11150828247600314,0.16629619064582252,0.14107067730412715,0.06045742561351114,0.08793701215001136,0.3103048603829134,0.16308991597720304,0.12455945616058536,0.5723204994797086,0.42549806012347047,0.003729587250697528,0.09973956219929256,0.9981856362718069,0.9998157563532004,0.6346370766768973,0.30767818262899715,0.9955142834658063,0.9949910454443698,0.5694537721065592,0.9949910454443698,0.2402627210632246,13.45258617401123,0.9998737007790913,0.39518197126450494,0.9113803172851659,1.3614525629015495,0.24382978195506833
310,0.118,0.0002,2024-11-30 21:17:01,10,0.11119329527235841,0.16581113222632127,0.1407188292699797,0.060365941606834804,0.08782836418908271,0.310325372942448,0.1628388002051607,0.12422578200095884,0.5714205360407233,0.4252638732087423,0.0037416194977783635,0.09653636127382167,0.9983269558871776,0.9998298879072536,0.6590855434012749,0.3136066734870544,0.9955142834658063,0.9949910454443698,0.5685583165435415,0.9949910454443698,0.25396426560331525,13.537984848022461,0.9998878331521402,0.4177181489817988,0.9171658717956024,1.3177286281527976,0.2446164159670762
310,0.118,0.00022,2024-11-30 21:38:26,10,0.11129172877349744,0.16603832165746493,0.14090085145460512,0.060357872738203804,0.08784146554707528,0.31011039283673003,0.16290119259083627,0.1243581340089987,0.5718986416176843,0.4250613814349714,0.003737262145682295,0.09768555791193032,0.9982771416351474,0.9998249066120479,0.65087484588547,0.3114293958710422,0.9955142834658063,0.9949910454443698,0.5690340273113946,0.9949910454443698,0.24895764516523128,13.507389068603516,0.9998828515682431,0.40948330453593684,0.915093081419556,1.3334152491257734,0.24433154470919446
310,0.118,0.00023999999999999998,2024-11-30 22:00:04,10,0.11139578704613001,0.1662116181887218,0.141038304186203,0.06039123410611257,0.08785994848473354,0.3100663656074783,0.16296298861674766,0.1244766332611831,0.5722361279073037,0.4251106093458014,0.0037332966676943986,0.09874056209822156,0.9982302902120438,0.9998202216083882,0.6420608063796858,0.30909472469242677,0.9955142834658063,0.9949910454443698,0.5693698231475263,0.9949910454443698,0.24429867387904353,13.478470802307129,0.9998781662930635,0.40182027030077594,0.91313393851784,1.3478161360118426,0.24407229306333056
310,0.118,0.00026,2024-11-30 22:22:20,10,0.11150828247600322,0.16629036498963268,0.141070421771225,0.06046322113699658,0.08794206304494638,0.3103752035073665,0.163099710497424,0.12455935655190771,0.5724048710521135,0.4255630798034747,0.003729338945754886,0.09982086592954974,0.9981825850120317,0.9998154512286419,0.6337714120825791,0.3075470213268277,0.9955142834658063,0.9949910454443698,0.5695377210655921,0.9949910454443698,0.23998152498196254,13.450652122497559,0.9998733956368493,0.3947194624690778,0.9112492899526236,1.3625623649649565,0.24381354848579864
320,0.111,0.0002,2024-11-30 22:44:29,10,0.1111032989284599,0.1656885367603334,0.14063739527689265,0.060292382095189986,0.08772441006117035,0.31001849924847763,0.16269467307510577,0.12413788416125175,0.5710830497511039,0.42484002882027777,0.003741959074116433,0.09645981896703676,0.9983302425406972,0.999830216562259,0.6617612339655308,0.31363290574748826,0.9955142834658063,0.9949910454443698,0.5682225207074099,0.9949910454443698,0.2548191106198721,13.542519569396973,0.9998881618261929,0.4191241904070921,0.9174730882483828,1.3166838198796822,0.2446386164999778
320,0.111,0.00022,2024-11-30 23:06:24,10,0.11129735354499107,0.16600166020040802,0.14088495538127627,0.06035337292100892,0.0878320767960173,0.31022833447392206,0.16290954858576182,0.12435545344161889,0.5720392609050258,0.425167080265956,0.003737720946266385,0.09760870811132956,0.9982821195484277,0.9998254043894121,0.6537603945331969,0.31195404107971986,0.9955142834658063,0.9949910454443698,0.5691739422431162,0.9949910454443698,0.2499032816543153,13.512621879577637,0.999883349374456,0.41103867896190754,0.9154475917615973,1.3323662435388297,0.2443615397834104
320,0.111,0.00023999999999999998,2024-11-30 23:28:07,10,0.11136485080291497,0.16610297304885938,0.14093762538943289,0.06037590437174001,0.08783155817160752,0.31006848605704923,0.1629122576246654,0.1244181021199771,0.5722361279073037,0.42505695081139316,0.0037337858965579736,0.09864325922819052,0.998235889039603,0.9998207814787747,0.6456283937986936,0.3095931376406705,0.9955142834658063,0.9949910454443698,0.5693698231475263,0.9949910454443698,0.2453394311529983,13.48447036743164,0.9998787261958973,0.4035320985415836,0.9135403946071021,1.3464879444812168,0.24410427745171276
320,0.111,0.00026,2024-11-30 23:49:08,10,0.111527969176231,0.16632176996380574,0.14110315673844023,0.06045961860477796,0.08792892498652445,0.31022584573574064,0.16308040982623398,0.12458439915839169,0.572264251764772,0.4254446917558452,0.0037301117672180317,0.09962397054322693,0.9981917043049082,0.9998163631244097,0.6370242123763805,0.3079929697542037,0.9955142834658063,0.9949910454443698,0.5693978061338706,0.9949910454443698,0.24107522182853036,13.457494735717773,0.9998743075854661,0.396518365244672,0.9117128605201733,1.3598747280591814,0.24386407334986068
320,0.11275,0.0002,2024-12-01 00:10:23,10,0.11115392187190283,0.1657467375209276,0.14066755368147665,0.060322971254291036,0.08776007282102297,0.3100415117064535,0.16274325583626936,0.12418122987694265,0.5710549258936356,0.424956664706945,0.0037417449383881146,0.09652839718399038,0.9983275635131,0.9998299486614997,0.6609742661525143,0.31363290574748826,0.9955142834658063,0.9949910454443698,0.5681945377210655,0.9949910454443698,0.25452490742052086,13.540772438049316,0.9998878939099073,0.41864028762035327,0.9173547243069541,1.3176199177246293,0.24462461691652929
320,0.11275,0.00022,2024-12-01 00:31:20,10,0.11130297831648475,0.16604771859714282,0.14092054711853078,0.060373180152054465,0.08786554510756897,0.31026952699690424,0.16294149553171614,0.12437282821440976,0.5718142700452794,0.4252489854207019,0.003737475122163975,0.09767712548536404,0.9982790671812893,0.9998250991775421,0.6531308202827838,0.31177041525668264,0.9955142834658063,0.9949910454443698,0.5689500783523618,0.9949910454443698,0.24955574862159347,13.510540962219238,0.9998830441448975,0.4104670597429842,0.9153066146217514,1.3333001458657732,0.2443454685044026
320,0.11275,0.00023999999999999998,2024-12-01 00:52:16,10,0.11138172511739595,0.16618333808760102,0.1410256390325119,0.060392461734811505,0.08785934672966587,0.3102191495792011,0.1629720326472039,0.12446292139000638,0.572545490339455,0.4252197343768823,0.00373351012945844,0.0987461466589856,0.9982313502748679,0.9998203276190907,0.64465780016264,0.30935704729676555,0.9955142834658063,0.9949910454443698,0.5696776359973136,0.9949910454443698,0.24500026356986934,13.482152938842773,0.9998782723099098,0.4029742387392106,0.9133833944009494,1.3478923656883846,0.244086248584916
320,0.11275,0.00026,2024-12-01 01:13:15,10,0.1114829710042817,0.16625420574431635,0.1410488239115014,0.06044406120108321,0.08790983190588833,0.3102571725880873,0.16304773647342763,0.12453514577487503,0.5720955086199623,0.4254128850122803,0.0037298006149456327,0.0997380531142575,0.9981870802732186,0.9998159007373033,0.6362634768237979,0.30780934393116655,0.9955142834658063,0.9949910454443698,0.5692299082158048,0.9949910454443698,0.24078367018913174,13.455402374267578,0.9998738451715621,0.39603882371998983,0.9115711080706675,1.3614319637767558,0.24384373110133983
320,0.11449999999999999,0.0002,2024-12-01 01:34:24,10,0.11119610765810525,0.16580445839030306,0.14070995607385245,0.060341606657942096,0.08778413975536435,0.31007864189446827,0.16278197198942573,0.12422407934414802,0.5712517928959137,0.4250251440678283,0.003741492320964999,0.09660729063579838,0.9983254861000264,0.9998297409329098,0.6604758532042706,0.3135804412266205,0.9955142834658063,0.9949910454443698,0.5683904186254757,0.9949910454443698,0.2542361548876751,13.53907585144043,0.9998876861692785,0.41816535004105404,0.9172397846498571,1.3186968193050228,0.24460810150958048
320,0.11449999999999999,0.00022,2024-12-01 01:55:23,10,0.11130016593073794,0.1660480534049699,0.1409326820318112,0.06035772542276,0.08785125523936331,0.31020893794047744,0.1629270161306576,0.12437579817148563,0.5718423939027477,0.42516834137543785,0.003737271149731359,0.09773836169612907,0.9982766793901731,0.9998248604097171,0.6526848718554078,0.311691718475381,0.9955142834658063,0.9949910454443698,0.5689780613387061,0.9949910454443698,0.24930563441204096,13.509024620056152,0.9998828053632346,0.4100556741317049,0.9152038860917997,1.3341360247712957,0.2443321333682531
320,0.11449999999999999,0.00023999999999999998,2024-12-01 02:16:57,10,0.11137328796015539,0.16620896204662763,0.14105974324131573,0.060390195085822676,0.0878624662794506,0.31019119312564636,0.16297392252357218,0.12447093257824877,0.5725173664819867,0.4251946237898574,0.003733232073499843,0.09886690657649498,0.9982261969236423,0.9998198123066686,0.6437921355683219,0.30909472469242677,0.9955142834658063,0.9949910454443698,0.5696496530109694,0.9949910454443698,0.2446912288387172,13.480051040649414,0.9998777569676228,0.40246594118183066,0.9132409958600601,1.3495407476901065,0.24406807007903888
320,0.11449999999999999,0.00026,2024-12-01 02:38:04,10,0.11151671963324364,0.1663094825165546,0.14108842447080325,0.060453040747003486,0.08791330423949173,0.3102103887743938,0.16306317024963343,0.12457163792932095,0.5721798801923672,0.4254075727280921,0.0037294667226115317,0.09984924287808178,0.9981822610292433,0.9998154188360786,0.635581438052517,0.30783557619160046,0.9955142834658063,0.9949910454443698,0.5693138571748377,0.9949910454443698,0.24043986108505294,13.453025817871094,0.9998733632424087,0.3954733295855386,0.911410102097938,1.3629497124573096,0.24382190217241342
320,0.11624999999999999,0.0002,2024-12-01 02:59:20,10,0.11117642095787744,0.1657930860844458,0.14071065384105605,0.06034404517494879,0.0877969780057776,0.310182901051797,0.16279476914390545,0.12421206524533954,0.5713080406108502,0.4251028306439535,0.00374126590040091,0.09668916441228351,0.9983214303037737,0.9998293353564804,0.6596364208703864,0.3132918863618478,0.9955142834658063,0.9949910454443698,0.5684463845981643,0.9949910454443698,0.25393447815792947,13.537047386169434,0.999887280569344,0.4176691548584725,0.9171023610126197,1.3198144025425285,0.24459329877859154
320,0.11624999999999999,0.00022,2024-12-01 03:20:22,10,0.11125516775878867,0.16598598003384352,0.1408687839570562,0.060356676358235356,0.08784496036506147,0.3101707140468949,0.16289229267171895,0.1243228188711109,0.5717298984728746,0.4251234882868804,0.0037369634479412755,0.09784823869789314,0.9982718917851421,0.9998243816517061,0.6518454395215235,0.3112982345688728,0.9955142834658063,0.9949910454443698,0.5688661293933288,0.9949910454443698,0.24895367040736788,13.506648063659668,0.9998823265774771,0.4094767668898101,0.9150428801190702,1.3356358541505016,0.24431201670242922
320,0.11624999999999999,0.00023999999999999998,2024-12-01 03:41:28,10,0.11135641364567442,0.16616555979198705,0.14102818811999654,0.06037463879815401,0.08784180696691397,0.3101647544675738,0.16294963257819076,0.1244481092913206,0.5723204994797086,0.4251371372859608,0.0037329923471724996,0.09892924503432306,0.9982237025092843,0.9998195628577378,0.6426379161092312,0.309042260171559,0.9955142834658063,0.9949910454443698,0.5694537721065592,0.9949910454443698,0.24434631387286976,13.477901458740234,0.9998775075042351,0.401898628135849,0.9130953668622543,1.3503916723513534,0.2440523974551811
320,0.11624999999999999,0.00026,2024-12-01 04:02:42,10,0.11152234440473732,0.16635539582989764,0.14113331954549396,0.060464135162364326,0.08794650332746379,0.31033397750360164,0.1631118564793939,0.12459264457603318,0.5723767471946453,0.4255268535965929,0.00372909157638421,0.09996579959166177,0.9981778412269383,0.9998149768653093,0.6346370766768973,0.3075732535872616,0.9955142834658063,0.9949910454443698,0.5695097380792478,0.9949910454443698,0.24005430809683942,13.450461387634277,0.9998729212460249,0.39483917548441594,0.9112363681249567,1.3645407204076931,0.24379737618155692
320,0.118,0.0002,2024-12-01 04:23:50,10,0.11115954664339647,0.1657752408272665,0.14069734245524976,0.06034065803576561,0.08779908137837802,0.3102848277145977,0.16280338620464646,0.12419634703842078,0.5713642883257868,0.4251721358641435,0.0037410932969358184,0.096753350198344,0.9983194675818725,0.9998291390947998,0.6590068466199732,0.3134230476640172,0.9955142834658063,0.9949910454443698,0.568502350570853,0.9949910454443698,0.25369575675911304,13.535614013671875,0.9998870842962889,0.4172765080402319,0.9170052534777029,1.3206905433737797,0.24458201445611052
320,0.118,0.00022,2024-12-01 04:44:52,10,0.11127766684476331,0.16601246333295935,0.14087424089543063,0.06035319547286056,0.08782818668336165,0.3101210620461505,0.1628871426014584,0.12433899061769285,0.5718423939027477,0.4250648634363724,0.0037366489084536612,0.09797505151290122,0.9982660229191942,0.9998237947729649,0.6506649878019989,0.3111670732667034,0.9955142834658063,0.9949910454443698,0.5689780613387061,0.9949910454443698,0.24864111772262676,13.504385948181152,0.9998817396647233,0.4089626830338818,0.9148896272429408,1.3373668586605927,0.24429145300743405
320,0.118,0.00023999999999999998,2024-12-01 05:05:55,10,0.11139859943187681,0.16621936340978646,0.1410510872883571,0.06038912928090681,0.08785159980799008,0.3101552459252867,0.16297287180089012,0.12448336756844144,0.572264251764772,0.42516873198456895,0.0037327545437295102,0.09900191528436475,0.9982205749996536,0.9998192501225276,0.6418247160357808,0.30898979565069123,0.9955142834658063,0.9949910454443698,0.5693978061338706,0.9949910454443698,0.2440579997009732,13.47597885131836,0.9998771947509003,0.40142441156871206,0.912965114839372,1.3513836267572519,0.24403685054402052
320,0.118,0.00026,2024-12-01 05:27:15,10,0.1114942205472691,0.16631817635979573,0.14110699489473383,0.06045047946712695,0.08793561396418235,0.31032586399392703,0.1630897941845738,0.12456483538313003,0.5722923756222403,0.42547081792661323,0.0037287812476832485,0.10009056639012584,0.9981725847327547,0.9998144512355793,0.6336140185199759,0.3073371632433567,0.9955142834658063,0.9949910454443698,0.5694257891202149,0.9949910454443698,0.23975190381480807,13.448171615600586,0.9998723955858321,0.39434178363035244,0.9110812415838155,1.366243796637309,0.2437770877757888
330,0.111,0.0002,2024-12-01 05:48:24,10,0.11112017324294085,0.16568028932752826,0.1406125373873129,0.06029794548524861,0.0877247338061672,0.31000658008983617,0.162695128880177,0.12413873012758857,0.5710268020361673,0.4248429528086338,0.0037412968362107043,0.09673896658377164,0.9983205741539447,0.9998292497475632,0.6613152855381548,0.31350174444531886,0.9955142834658063,0.9949910454443698,0.5681665547347213,0.9949910454443698,0.2544579317398288,13.539355278015137,0.9998871949554652,0.4185301266207377,0.9172587151273891,1.3204942059476719,0.2445953212736425
330,0.111,0.00022,2024-12-01 06:09:28,10,0.11127766684476327,0.16597697370329695,0.14086753121184914,0.06035129376440324,0.08782905183830106,0.3103099941029281,0.1629051468894691,0.12433637704190544,0.5720392609050258,0.4252082839491993,0.003737287537215447,0.09778250361606783,0.9982761364658913,0.9998248061019694,0.653524304189292,0.3118228797775504,0.9955142834658063,0.9949910454443698,0.5691739422431162,0.9949910454443698,0.24967292629527807,13.510595321655273,0.9998827510523395,0.4106597925309505,0.9153102973426365,1.3347385653149562,0.2443332047352445
330,0.111,0.00023999999999999998,2024-12-01 06:30:21,10,0.11131141547372518,0.16605676956873286,0.1409249522532714,0.06035770198621195,0.08781368662581379,0.3100469355932512,0.16288006270429664,0.12437981130347416,0.5720955086199623,0.42500508907899026,0.003733202163808618,0.09890974519572208,0.9982258878111577,0.9998197813838487,0.645313606673487,0.3094095118176333,0.9955142834658063,0.9949910454443698,0.5692299082158048,0.9949910454443698,0.24504910474056796,13.481733322143555,0.9998777260430107,0.4030545722592429,0.9133549663800822,1.350125498080542,0.24406611466869466
330,0.111,0.00026,2024-12-01 06:51:24,10,0.11153640633347152,0.16633555288601737,0.14111570454965064,0.06046577348866444,0.08792991736400962,0.31027402458204645,0.16308935280220405,0.12459455420869307,0.572264251764772,0.42548624140717684,0.0037296235284287513,0.09985906612283062,0.9981835164625479,0.9998155443608994,0.6367881220324756,0.3079142729729021,0.9955142834658063,0.9949910454443698,0.5693978061338706,0.9949910454443698,0.24086381027258885,13.455294609069824,0.9998734887745043,0.3961706374113429,0.9115638072380358,1.3630838004906276,0.2438321536897133
330,0.11275,0.0002,2024-12-01 07:12:46,10,0.11115954664339645,0.1657383338444699,0.14065742739383644,0.06030715046843903,0.08773906023308477,0.30998209447742125,0.16272373764351872,0.12418079377614555,0.5711111736085721,0.42486717057478685,0.003741109757139662,0.0967934119118799,0.9983190657672816,0.9998290989169618,0.6607381758086094,0.3135279767057527,0.9955142834658063,0.9949910454443698,0.5682505036937542,0.9949910454443698,0.2541992523025868,13.537899017333984,0.9998870441161224,0.4181046529996844,0.9171600569731523,1.321237388791636,0.24458309057731223
330,0.11275,0.00022,2024-12-01 07:33:40,10,0.11130297831648477,0.16604178133834394,0.14091313326413443,0.06037148267637151,0.08785328210217504,0.3103064563002227,0.16293574349311177,0.12436994066647944,0.5717298984728746,0.42527358263572573,0.0037369753643827905,0.09789766951146517,0.9982712558423643,0.9998243180598365,0.6527898008971433,0.31166548621494716,0.9955142834658063,0.9949910454443698,0.5688661293933288,0.9949910454443698,0.24931268315577337,13.50821304321289,0.9998822629819221,0.4100672678422514,0.9151489037150771,1.3363105884920206,0.24431279576540346
330,0.11275,0.00023999999999999998,2024-12-01 07:54:35,10,0.11135641364567443,0.16614279285975087,0.14100164243047414,0.060378982371696345,0.08783371369185557,0.3101969071792271,0.16294233018905616,0.12443777276893808,0.5723767471946453,0.4251776713535497,0.0037330360276116464,0.09895818020239776,0.9982238271667244,0.9998195753287291,0.644421709818735,0.30919965373416225,0.9955142834658063,0.9949910454443698,0.5695097380792478,0.9949910454443698,0.24476331833702641,13.479963302612305,0.9998775199759492,0.4025845133428519,0.9132350518193334,1.350786639582657,0.2440552531577661
330,0.11275,0.00026,2024-12-01 08:15:36,10,0.11150265770450951,0.16631392430039288,0.1411076023501732,0.06044339381748142,0.08791281217827426,0.31027320988300067,0.16306769796115733,0.1245703375702118,0.5721798801923672,0.4254162554110724,0.00372937990306857,0.0999315140311903,0.9981805030113109,0.9998152430489426,0.6360536187403268,0.307704414889431,0.9955142834658063,0.9949910454443698,0.5693138571748377,0.9949910454443698,0.240599495440498,13.453551292419434,0.999873187445085,0.39573589474332566,0.9114457017331603,1.3640727199157607,0.24381622615820414
330,0.11449999999999999,0.0002,2024-12-01 08:36:49,10,0.11117360857213059,0.16576943749159853,0.14068841736299825,0.06032484729414837,0.08776203060979128,0.31010141998696533,0.16276295579920397,0.12420164559920645,0.5713361644683185,0.42500887240743634,0.0037409492801511192,0.09683266941082014,0.9983173635920856,0.9998289287032094,0.6602397628603657,0.3134230476640172,0.9955142834658063,0.9949910454443698,0.5684743675845086,0.9949910454443698,0.25395540926618354,13.53650188446045,0.9998868738925053,0.4177035821578221,0.9170654045854923,1.3217732566194744,0.2445725990492972
330,0.11449999999999999,0.00022,2024-12-01 08:57:45,10,0.1112861040020038,0.16604669185314003,0.14092874016315324,0.06035657814793942,0.08784566967935772,0.31022777646087685,0.16292066654584106,0.12436548282144821,0.5718142700452794,0.42517468040362905,0.003736636175684126,0.0980463853475126,0.9982651376615365,0.9998237062536646,0.652396316990635,0.3115343249127777,0.9955142834658063,0.9949910454443698,0.5689500783523618,0.9949910454443698,0.24899095071175278,13.505936622619629,0.9998816511402928,0.40953808520049506,0.9149946817018726,1.3383405708948535,0.24429062057526102
330,0.11449999999999999,0.00023999999999999998,2024-12-01 09:18:39,10,0.111378912731649,0.166216852351084,0.1410747437378637,0.06039168721270503,0.08786032013913612,0.31022919381401115,0.1629853718171984,0.12448028514347782,0.5723767471946453,0.425243048161903,0.0037327617189072087,0.09906830792988872,0.9982195413553477,0.9998191467602737,0.6436609742661525,0.309042260171559,0.9955142834658063,0.9949910454443698,0.5695097380792478,0.9949910454443698,0.24448309178447444,13.478011131286621,0.9998770913826561,0.4021235992195618,0.9131027969131628,1.3522898913869863,0.24403731963668307
330,0.11449999999999999,0.00026,2024-12-01 09:39:44,10,0.11150547009025634,0.1663136564541313,0.14110309138638522,0.06044023657967279,0.08789816117376886,0.3101827782889269,0.16304981027286564,0.12457033478401854,0.5721517563348989,0.4253528986099427,0.0037289819653141595,0.10008184539243978,0.9981738615223464,0.9998145788995316,0.6353715799690459,0.30767818262899715,0.9955142834658063,0.9949910454443698,0.5692858741884934,0.9949910454443698,0.2402314785132674,13.450814247131348,0.9998725232571831,0.3951305837982148,0.9112602735061404,1.3661247543597121,0.2437902101222818
330,0.11624999999999999,0.0002,2024-12-01 10:00:50,10,0.1111764209578774,0.16578422483729105,0.14069850312001572,0.06033937460576205,0.08779022061837745,0.3102170514501513,0.1627964858716318,0.12420733082723746,0.5713080406108502,0.42513329815621137,0.0037407700345448735,0.09688568371001581,0.9983149433710516,0.9998286866757553,0.6594003305264815,0.3131344927992445,0.9955142834658063,0.9949910454443698,0.5684463845981643,0.9949910454443698,0.25367703043970613,13.534815788269043,0.9998866318510244,0.41724570715782705,0.916951175628917,1.3224969058106164,0.24456088048256328
330,0.11624999999999999,0.00022,2024-12-01 10:21:46,10,0.11127766684476328,0.1660028208675417,0.1408660532256156,0.06035892068670236,0.08783566170210957,0.31017488798447157,0.16289436259835371,0.12433580131364318,0.5717861461878111,0.4251280528335888,0.0037363815153130427,0.0981342126773406,0.9982607564587431,0.9998232681537047,0.6516618136984864,0.31121953778757117,0.9955142834658063,0.9949910454443698,0.5689220953660175,0.9949910454443698,0.2486730791196202,13.503867149353027,0.9998812130149428,0.4090152528533375,0.9148544798716869,1.339539420585493,0.24427397160619824
330,0.11624999999999999,0.00023999999999999998,2024-12-01 10:42:41,10,0.1113676631886617,0.166178416412544,0.14102928576957188,0.06039098634832053,0.08786064374241542,0.3102301312759268,0.16297223540479697,0.12445556146498611,0.5721798801923672,0.4252329704463105,0.0037324885706465035,0.099171772502923,0.99821521093306,0.9998187137243804,0.6424805225466278,0.30891109886938956,0.9955142834658063,0.9949910454443698,0.5693138571748377,0.9949910454443698,0.24414684355837737,13.475679397583008,0.9998766583216661,0.4015705411494825,0.912944827569935,1.353702190629343,0.24401946198210303
330,0.11624999999999999,0.00026,2024-12-01 11:03:56,10,0.11150265770450951,0.16634782917300736,0.14114302708889678,0.06045144371366875,0.08793242760340711,0.3103127506873695,0.16309751586989676,0.12458413963999203,0.5723767471946453,0.4254809514435109,0.0037286485853104566,0.10016798860229166,0.9981700324191288,0.9998141960095381,0.6344272185934262,0.3074683245455261,0.9955142834658063,0.9949910454443698,0.5695097380792478,0.9949910454443698,0.2398526256161699,13.44835090637207,0.9998721403449992,0.3945074499469385,0.9110933881018225,1.3673006156853822,0.24376841468805624
330,0.118,0.0002,2024-12-01 11:25:13,10,0.11117642095787741,0.16578923579443527,0.14070386182834968,0.06033320409751038,0.08778781897451854,0.3102910551401801,0.162806820060555,0.12420941885557535,0.5714486598981916,0.42515985957715346,0.003740577091347634,0.09694053351075865,0.9983127351309435,0.9998284658649936,0.6587182917552006,0.3132918863618478,0.9955142834658063,0.9949910454443698,0.5685862995298858,0.9949910454443698,0.25343084613385053,13.533246040344238,0.9998864110274657,0.41684078541694325,0.9168448289872184,1.323245609736615,0.24454826640637994
330,0.118,0.00022,2024-12-01 11:46:11,10,0.11125798014453549,0.1659904776189861,0.14086117655835073,0.06033833223739379,0.08780713824972838,0.31008741385953664,0.1628623300316149,0.12432161196805624,0.5719267654751525,0.4249932145613939,0.0037361489517768634,0.09819562865372108,0.9982578928179069,0.9998229818011168,0.6505075942393956,0.31106214422496786,0.9955142834658063,0.9949910454443698,0.569062010297739,0.9949910454443698,0.24840716635784893,13.502089500427246,0.9998809266457593,0.40857788192489664,0.9147340484378313,1.340377753305254,0.2442587672652067
330,0.118,0.00023999999999999998,2024-12-01 12:54:15,10,0.11138453750314267,0.1661856594218681,0.14101749692330537,0.06039267824387312,0.08785257129098677,0.31016046892738813,0.16296150220323913,0.12446150610747479,0.5720955086199623,0.4251803274956445,0.0037322384053824664,0.09925261499245606,0.998211413152397,0.9998183339630486,0.6416673224731775,0.30898979565069123,0.9955142834658063,0.9949910454443698,0.5692299082158048,0.9949910454443698,0.24383965138916888,13.473633766174316,0.9998762785383253,0.40106527422148125,0.9128062409682075,1.3548056967220026,0.24400310689032403
330,0.118,0.00026,2024-12-01 13:17:13,10,0.11148015861853494,0.16630892450350956,0.1411156227866506,0.06044659346428158,0.0879177082777332,0.3103502156832111,0.163077931420473,0.1245594199894757,0.572348623337177,0.4254844892462159,0.003728459059511836,0.10023295494957712,0.998167219558798,0.9998139147064649,0.6334566249573725,0.307258466462055,0.9955142834658063,0.9949910454443698,0.5694817550929036,0.9949910454443698,0.23961105273175765,13.446660995483398,0.999871859025623,0.3941101130307343,0.9109789007086938,1.3681874112363532,0.24375602403165214
340,0.111,0.0002,2024-12-01 13:39:54,10,0.11116235902914325,0.16572014261920262,0.14063484360948061,0.06030988361633347,0.08773614771942558,0.31006454648495124,0.16272997106960194,0.12417374628074172,0.5711674213235087,0.4249359177819318,0.0037407802973036877,0.09693734976709577,0.9983145187764209,0.9998286442423705,0.6611841242359854,0.31339681540358333,0.9955142834658063,0.9949910454443698,0.5683064696664428,0.9949910454443698,0.25416404797886705,13.537005424499512,0.9998865894151804,0.4180467492434003,0.9170995182105329,1.3232021513949712,0.24456155143247696
340,0.111,0.00022,2024-12-01 14:02:54,10,0.11128047923051017,0.16599638139700226,0.14089185523221343,0.06035436841628118,0.08782966732226105,0.31033379893942803,0.16291005336785241,0.1243476069912339,0.5719830131900892,0.42523003529769365,0.0037367082000052884,0.0980558443303567,0.9982660613605113,0.9998237986292224,0.6532619815849532,0.31166548621494716,0.9955142834658063,0.9949910454443698,0.5691179762704276,0.9949910454443698,0.24938474181684311,13.507786750793457,0.9998817435212043,0.41018578928245736,0.9151200234302415,1.3384696867256392,0.24429532932004808
340,0.111,0.00023999999999999998,2024-12-01 14:25:17,10,0.11130579070223154,0.16603361202736514,0.14090616369338743,0.06036530770401543,0.08781146463558329,0.31011637473657166,0.1628803778492106,0.12436898165508202,0.572067384762494,0.42506541028915523,0.0037328445905669676,0.09904531448847173,0.9982210647705093,0.9998192991042743,0.6451299808504499,0.3093045827758978,0.9955142834658063,0.9949910454443698,0.5692019252294604,0.9949910454443698,0.24487113594948615,13.480064392089844,0.9998772437354857,0.4027618507859655,0.9132419003879969,1.3519760291736698,0.24404273754954342
340,0.111,0.00026,2024-12-01 14:48:19,10,0.11149422054726907,0.16630664781028612,0.14111499959475013,0.06043925559273976,0.08790040063955093,0.3102450637050105,0.16305862967173568,0.12456795423776959,0.5722080040498355,0.42541796293099,0.0037291826159615567,0.10006326330461196,0.9981761104184976,0.9998148037993815,0.6366307284698722,0.3078618084520343,0.9955142834658063,0.9949910454443698,0.5693418401611821,0.9949910454443698,0.24066597403669396,13.453251838684082,0.9998727481700671,0.395845238142815,0.9114254144637233,1.3658711074563228,0.24380332808958363
340,0.11275,0.0002,2024-12-01 15:11:34,10,0.11118204572937104,0.16576506266932564,0.14067146112044143,0.060323716759719155,0.08775973698574324,0.31012743455512337,0.16276577570323963,0.12420030214180842,0.5712236690384453,0.4250234588684326,0.0037406294585038287,0.09698233611235979,0.9983126871979432,0.9998284610774135,0.6605020854647045,0.3134230476640172,0.9955142834658063,0.9949910454443698,0.5683624356391314,0.9949910454443698,0.25391806005753637,13.535585403442383,0.9998864062396081,0.4176421505140238,0.9170033152035529,1.323816218408148,0.24455169002176103
340,0.11275,0.00022,2024-12-01 15:34:13,10,0.11130297831648475,0.16605330988785377,0.14091986345771915,0.06036568603686,0.08783938987140805,0.31029869991889714,0.16292917352938427,0.1243725619493093,0.5718423939027477,0.42524803679852563,0.003736451369519757,0.09814733320193075,0.9982616504171106,0.9998233575606719,0.65263240733454,0.3115867894336455,0.9955142834658063,0.9949910454443698,0.5689780613387061,0.9949910454443698,0.24906144906752517,13.505741119384766,0.9998813024270916,0.40965404026452557,0.9149814368285141,1.3397185167378722,0.24427853847508932
340,0.11275,0.00023999999999999998,2024-12-01 15:56:11,10,0.1113536012599276,0.1661534620691714,0.1410126228085964,0.060391405974130376,0.08784964181550262,0.3102945259813205,0.16296476229547724,0.12444029252172385,0.5723204994797086,0.42527995514469946,0.00373255916350051,0.09917679174813303,0.9982159223347193,0.999818784854142,0.6443692452978673,0.30909472469242677,0.9955142834658063,0.9949910454443698,0.5694537721065592,0.9949910454443698,0.24455951118531372,13.477824211120605,0.9998767294555501,0.402249293165476,0.9130901335220492,1.3537707037058426,0.24402407714164828
340,0.11275,0.00026,2024-12-01 16:18:41,10,0.11148015861853487,0.16629478445294918,0.14110914146759257,0.06043454931071814,0.08789818642607355,0.3102942134940146,0.1630541871389982,0.12455689507012856,0.5721236324774306,0.42541867718768805,0.003728901408304569,0.10015791463181567,0.9981719598636075,0.9998143887496553,0.6358437606568558,0.3076257181081294,0.9955142834658063,0.9949910454443698,0.5692578912021491,0.9949910454443698,0.2403880933275389,13.451300621032715,0.9998723330962866,0.39538818244172946,0.911293224166691,1.367163105226937,0.24378494353465077
340,0.11449999999999999,0.0002,2024-12-01 16:42:05,10,0.11119048288661156,0.16579900102272288,0.14070639721638548,0.06033078120486896,0.08777555763430626,0.31016535712166216,0.16278736594291948,0.12421918243154241,0.5713924121832551,0.42506221845453895,0.003740447345716716,0.09704962995129779,0.998310353351227,0.999828227708349,0.6600299047768946,0.3133705831431495,0.9955142834658063,0.9949910454443698,0.5685303335571972,0.9949910454443698,0.2537034130997452,13.534242630004883,0.9998861728570186,0.4172891011207161,0.916912345536778,1.3247347843961013,0.24453978400691595
340,0.11449999999999999,0.00022,2024-12-01 22:44:29,10,0.11130579070223158,0.16607903428922854,0.14094871164280595,0.06034536878189139,0.08782461268509577,0.3101889945542489,0.16291678297493448,0.12438555230546099,0.5719548893326208,0.42511498416807453,0.003736215084662186,0.09822677304659623,0.9982580864482452,0.999823001169716,0.6522913879488995,0.3114556281314761,0.9955142834658063,0.9949910454443698,0.5690899932840833,0.9949910454443698,0.24878099101435747,13.503973007202148,0.999880946015481,0.4091927453710966,0.9148616514860419,1.3408028766220694,0.24426309084471412
340,0.11449999999999999,0.00023999999999999998,2024-12-01 23:06:54,10,0.11135360125992756,0.16616670929885977,0.14102571651100282,0.06039630421263946,0.08785820408281066,0.31027117871551746,0.16296973397889494,0.12444539071157266,0.5722080040498355,0.4252831916203609,0.0037322597773276527,0.09931162778639888,0.9982111439049822,0.9998183070274536,0.6435035807035492,0.30891109886938956,0.9955142834658063,0.9949910454443698,0.5693418401611821,0.9949910454443698,0.24426982246928952,13.47575569152832,0.9998762516011691,0.4017728157604715,0.9129499963010017,1.3556112258198432,0.2440045041271721
340,0.11449999999999999,0.00026,2024-12-01 23:29:46,10,0.11148297100428174,0.1662905435538071,0.1410949144565766,0.060434202226604124,0.08788915107442008,0.31018999897772914,0.1630360307868872,0.12455310747822179,0.5721236324774306,0.4253410464128671,0.0037286189999487093,0.10025083926297633,0.9981672564181678,0.9998139184026513,0.6352666509273104,0.307704414889431,0.9955142834658063,0.9949910454443698,0.5692578912021491,0.9949910454443698,0.2400725528241432,13.449121475219727,0.9998718627220237,0.3948691842484438,0.9111455922855967,1.3684315334660502,0.24376648048144864
340,0.11624999999999999,0.0002,2024-12-01 23:53:00,10,0.11120454481534567,0.1658157079332902,0.14071366566443974,0.06034802045988137,0.08779993561663363,0.31029758389280665,0.16282291669094412,0.124230789903681,0.5713924121832551,0.425206855435804,0.0037402247620490574,0.09712697174200399,0.9983070439176672,0.9998278967686929,0.6591117756617088,0.3131344927992445,0.9955142834658063,0.9949910454443698,0.5685303335571972,0.9949910454443698,0.2533991528290297,13.53225326538086,0.9998858418981829,0.41678865655309133,0.9167775708742123,1.3257905056851715,0.24452523212127716
340,0.11624999999999999,0.00022,2024-12-02 00:15:57,10,0.11126079253028232,0.1659939149793435,0.14086570214953104,0.06034905948017105,0.08781809911396705,0.31020782191438784,0.16288469669713843,0.12432513037866283,0.5718142700452794,0.4251278407886314,0.003735948205141346,0.0982956563920287,0.9982549660573768,0.9998226891329978,0.6515568846567509,0.3111670732667034,0.9955142834658063,0.9949910454443698,0.5689500783523618,0.9949910454443698,0.2484608809927529,13.501935958862305,0.9998806339606787,0.408666231275196,0.9147236463665596,1.3417431394938162,0.24424564302247523
340,0.11624999999999999,0.00023999999999999998,2024-12-02 00:39:00,10,0.11135641364567445,0.16614096257696323,0.1409934059214591,0.06039414023805098,0.08786237678478696,0.31026611195706866,0.1629692603396046,0.12443456514479986,0.572067384762494,0.42527958685609013,0.0037320716580732083,0.09935811848602363,0.9982088611551607,0.9998180787661113,0.6422968967235907,0.3088848666089557,0.9955142834658063,0.9949910454443698,0.5692019252294604,0.9949910454443698,0.24394590353220025,13.473793983459473,0.999876023326598,0.401240036794503,0.9128170953034478,1.3562458273837517,0.24399220542661637
340,0.11624999999999999,0.00026,2024-12-02 01:02:22,10,0.11146328430405397,0.1662856888403156,0.1410931455423959,0.060435513557259936,0.0879077583869857,0.3102873610938216,0.16305489598862657,0.12454013073044243,0.572264251764772,0.42540693659322143,0.003728328776533377,0.10032165272343786,0.9981645152200455,0.9998136443027761,0.6343485218121245,0.3074420922850922,0.9955142834658063,0.9949910454443698,0.5693978061338706,0.9949910454443698,0.23972112456117556,13.44692611694336,0.9998715886062629,0.3942911581897068,0.9109968620491508,1.3693981425538326,0.24374750650193777
340,0.118,0.0002,2024-12-02 01:25:41,10,0.11121298197258617,0.16584293896988656,0.14073428941386407,0.060354189852106985,0.08781243369166583,0.3104154474081728,0.16285348785937206,0.12424409207037379,0.5715330314705965,0.4253066839695557,0.0037399443033564427,0.097266623606494,0.998300897578179,0.9998272821540013,0.6584297368904278,0.31326565410141394,0.9955142834658063,0.9949910454443698,0.5686702484889188,0.9949910454443698,0.25314138183620527,13.530290603637695,0.9998852272478712,0.416364677133278,0.9166446052675199,1.3276967641911395,0.2445068965314998
340,0.118,0.00022,2024-12-02 01:54:43,10,0.11124673060154817,0.16598285516079136,0.14085528266972422,0.06033561806194291,0.08780598570478461,0.3101483488840513,0.16286436962618986,0.12431229312002742,0.571870517760216,0.425020735764773,0.0037357469475784422,0.0983492336414411,0.9982526682790569,0.9998224593582563,0.6503502006767923,0.31093098292279847,0.9955142834658063,0.9949910454443698,0.5690060443250504,0.9949910454443698,0.24820033582875112,13.500240325927734,0.9998804041726206,0.40823768892348195,0.9146087713186009,1.3424744729979676,0.24423248537676778
340,0.118,0.00023999999999999998,2024-12-02 02:20:22,10,0.11137610034590223,0.1661602251872768,0.14099639099537153,0.06038979220040441,0.08784855829588689,0.31019306804947727,0.1629606930138066,0.1244480181532554,0.572067384762494,0.425213473470518,0.0037318666917504685,0.09941419116601864,0.9982062629650658,0.9998178189707687,0.6413787676084048,0.30891109886938956,0.9955142834658063,0.9949910454443698,0.5692019252294604,0.9949910454443698,0.24364533974646008,13.471921920776367,0.9998757635161989,0.40074567217225154,0.9126902675648971,1.3570112237039744,0.24397880531276397
340,0.118,0.00026,2024-12-02 02:42:34,10,0.11144922237531987,0.16625908277832968,0.14107692393194637,0.06043342100834119,0.08790313382730318,0.31034168924388333,0.1630484967015233,0.12452503392014236,0.572264251764772,0.4254325493919871,0.0037281424932786014,0.10037710568512727,0.9981619616408618,0.9998133889603196,0.6333254636552031,0.30723223420162116,0.9955142834658063,0.9949910454443698,0.5693978061338706,0.9949910454443698,0.2394490920090669,13.445119857788086,0.999871333249008,0.39384372148494173,0.9108744923411453,1.370155079672342,0.24373532783380625
350,0.111,0.0002,2024-12-02 03:04:27,10,0.11115673425764958,0.16572045510650776,0.14063922605088677,0.0603052007708598,0.08773918501985892,0.31011080576638217,0.16273720542247147,0.12417194507159011,0.5711392974660404,0.42495619597598766,0.0037403013179769535,0.09714837331158974,0.9983077844271553,0.9998279708233895,0.6610267306733821,0.3133705831431495,0.9955142834658063,0.9949910454443698,0.5682784866800985,0.9949910454443698,0.25391865629334787,13.534856796264648,0.9998859159571714,0.41764313119734536,0.9169539538218654,1.326082638727669,0.24453023712959351
350,0.111,0.00022,2024-12-02 03:25:52,10,0.11128610400200378,0.1660123628906112,0.14090337256501617,0.06034823362086442,0.08781780927933423,0.3102981865468957,0.16290610862087657,0.12435560426199088,0.572067384762494,0.42519124223080484,0.003736250489334473,0.09825819418390562,0.9982583395597985,0.9998230264754966,0.6531832848036515,0.3116130216940794,0.9955142834658063,0.9949910454443698,0.5692019252294604,0.9949910454443698,0.24915918585361793,13.505655288696289,0.9998809713227282,0.40981479685473765,0.914975622006064,1.3412317775213303,0.24426540550125483
350,0.111,0.00023999999999999998,2024-12-02 03:46:44,10,0.11128329161625695,0.16597436220224637,0.14085259874112593,0.060366689344314904,0.08780483091450277,0.31017131670098286,0.1628656229255673,0.12433407079332426,0.5719548893326208,0.42512032993304494,0.00373231280094867,0.0993094966177212,0.9982115257870383,0.999818345226231,0.6449201227669789,0.3093045827758978,0.9955142834658063,0.9949910454443698,0.5690899932840833,0.9949910454443698,0.24465927452396055,13.47769546508789,0.9998762898021604,0.4024133830111746,0.9130814112883741,1.3555821352063073,0.2440079706603518
350,0.111,0.00026,2024-12-02 04:07:47,10,0.1114970329330159,0.16631775226988169,0.1411270596051305,0.060441338097423705,0.08790028861178908,0.310238177824035,0.1630589414803632,0.1245744082002543,0.5721798801923672,0.4254112667744502,0.003728778283142023,0.10024465154126583,0.9981691862355672,0.999814111404703,0.6364995671677028,0.3077568794102988,0.9955142834658063,0.9949910454443698,0.5693138571748377,0.9949910454443698,0.24048741019017345,13.451387405395508,0.9998720557352608,0.3955515379276827,0.9112991035982794,1.3683470705969987,0.24377689396253494
350,0.11275,0.0002,2024-12-02 04:34:45,10,0.11118485811511786,0.16576725008046198,0.14067072393560373,0.060323249144787386,0.08776185754603111,0.3101789949604819,0.16277552591330682,0.12420176955681816,0.5713080406108502,0.42506827847620743,0.003740050385913746,0.09726914505578432,0.9983024344398918,0.999827435836778,0.6602922273812334,0.31339681540358333,0.9955142834658063,0.9949910454443698,0.5684463845981643,0.9949910454443698,0.25365569859488585,13.533004760742188,0.9998853809395547,0.4172106207305632,0.9168284828752199,1.3277311821645377,0.24451383190667078
350,0.11275,0.00022,2024-12-02 04:55:44,10,0.11128329161625697,0.1660484663346231,0.1409205025705692,0.060361949581510685,0.08782618499756699,0.3102868365615603,0.16291664307895742,0.12436051910189141,0.5717298984728746,0.4252303143042157,0.003736058772991962,0.09830163123340503,0.9982561767215753,0.9998228101903806,0.65263240733454,0.3114293958710422,0.9955142834658063,0.9949910454443698,0.5688661293933288,0.9949910454443698,0.24887226083296252,13.50397777557373,0.9998807550250773,0.4093428651511178,0.9148619745317337,1.3418246965302154,0.2442528716333361
350,0.11275,0.00023999999999999998,2024-12-02 05:16:40,10,0.11133672694544666,0.1660983527008466,0.14095542313677312,0.06038027138183043,0.08782916221859594,0.3102453985128381,0.16293168040935838,0.12440748118516112,0.5721798801923672,0.42521715635661456,0.003732148301154888,0.0993641169807704,0.9982091710586188,0.9998181097616907,0.6441331549539624,0.30906849243199286,0.9955142834658063,0.9949910454443698,0.5693138571748377,0.9949910454443698,0.24438522928867829,13.47597885131836,0.9998760543239738,0.4019626358631557,0.912965114839372,1.3563277072904452,0.24399721613279865
350,0.11275,0.00026,2024-12-02 05:37:36,10,0.11146047191830709,0.1662786690362094,0.14109330520833613,0.060423607790931644,0.08788370131087485,0.31023263117436767,0.1630303038748656,0.12453843741286756,0.5720955086199623,0.4253430552598289,0.003728562756893666,0.10031889000976883,0.9981658389934692,0.9998137766815489,0.6358437606568558,0.3075994858476955,0.9955142834658063,0.9949910454443698,0.5692299082158048,0.9949910454443698,0.24024480816822466,13.449752807617188,0.9998717209927078,0.3951525082952777,0.9111883635351742,1.3693604313034289,0.24376280347085047
350,0.11449999999999999,0.0002,2024-12-02 05:58:49,10,0.111215794358333,0.16581700252355472,0.1407128570002728,0.060343696974808625,0.08778670170397081,0.31028190372624215,0.1628174633216169,0.12423749409462535,0.5714767837556599,0.4251823921439113,0.0037398631213128378,0.0973335839329085,0.9982995549795834,0.9998271478980314,0.659741349912122,0.31334435088271556,0.9955142834658063,0.9949910454443698,0.5686142825162301,0.9949910454443698,0.2534160045688808,13.531438827514648,0.9998850929841205,0.4168163741438359,0.9167223946700747,1.3286107777079381,0.24450158908092678
350,0.11449999999999999,0.00022,2024-12-02 06:19:44,10,0.11126641730177597,0.16603891315129268,0.1409248073663926,0.06032905471250763,0.0877940739730311,0.3102070183756026,0.1628835565270648,0.12435165771714161,0.5718142700452794,0.42507940525632454,0.003735853813142058,0.09836944308115599,0.9982532706845537,0.9998225196177373,0.6522389234280318,0.3112982345688728,0.9955142834658063,0.9949910454443698,0.5689500783523618,0.9949910454443698,0.24862162002959382,13.502434730529785,0.999880464435594,0.408930613403047,0.9147574369459085,1.3427503333776196,0.24423947194265924
350,0.11449999999999999,0.00023999999999999998,2024-12-02 06:40:40,10,0.11136485080291487,0.16616455536850608,0.1410161246754934,0.06039583436565563,0.08785344777447678,0.310269426554556,0.1629717652066258,0.12444868045638485,0.5721798801923672,0.4252911042453394,0.0037319442191590855,0.09943732179698452,0.9982066511749108,0.9998178577807266,0.6431625613179087,0.3088586343485218,0.9955142834658063,0.9949910454443698,0.5693138571748377,0.9949910454443698,0.2441059946919196,13.474270820617676,0.999875802328406,0.40150335329986825,0.9128493998726149,1.3573269585650027,0.2439838738337203
350,0.11449999999999999,0.00026,2024-12-02 07:01:48,10,0.11147734623278813,0.16628371347413626,0.14109095425645418,0.06041927314559806,0.08787005193092787,0.3101447217992573,0.1630165795758766,0.12454805395209238,0.5721236324774306,0.42526662979318497,0.0037282598276106183,0.10041387248415888,0.9981611482036072,0.9998133076005615,0.6352666509273104,0.3075470213268277,0.9955142834658063,0.9949910454443698,0.5692578912021491,0.9949910454443698,0.23990980169431508,13.447481155395508,0.9998712518845347,0.3946014926480724,0.9110344645676615,1.3706569492581666,0.24374299881793088
350,0.11624999999999999,0.0002,2024-12-02 07:23:04,10,0.11119892004385205,0.1658118018419752,0.14070729970495374,0.06034350278626901,0.08779250370660772,0.3103405955383158,0.16282063408444866,0.12422479909451824,0.5713642883257868,0.425214924304435,0.003739630968895977,0.09741906721372472,0.9982958230079244,0.9998267746996135,0.6587707562760683,0.31297709923664124,0.9955142834658063,0.9949910454443698,0.568502350570853,0.9949910454443698,0.2531202065383278,13.529476165771484,0.9998847197640738,0.4163298481930233,0.9165894290633824,1.32977763095239,0.24448641161774426
350,0.11624999999999999,0.00022,2024-12-02 07:44:06,10,0.11122141912982668,0.16595504379062834,0.14085466885623654,0.06032613407223001,0.08777891766114151,0.310167466410973,0.16283935444581024,0.12429624948891284,0.571673650757938,0.42503382675080875,0.003735530453488852,0.09847446877664004,0.9982490157211478,0.999822094119736,0.6513994910941476,0.31106214422496786,0.9955142834658063,0.9949910454443698,0.5688101634206403,0.9949910454443698,0.24827022525970438,13.500088691711426,0.9998800389129329,0.4083526424334249,0.9145984984656057,1.3441839420594142,0.24421833161038264
350,0.11624999999999999,0.00023999999999999998,2024-12-02 08:05:08,10,0.11135641364567442,0.1661374024537361,0.14098199505010642,0.06039435228300814,0.08786192622911128,0.31027044213829796,0.1629697617226533,0.1244301209517342,0.572067384762494,0.42528268940862046,0.00373169254977414,0.0995306532661169,0.9982027380702965,0.9998174664797261,0.6420345741192519,0.3088061698276541,0.9955142834658063,0.9949910454443698,0.5692019252294604,0.9949910454443698,0.24376715185885767,13.47204875946045,0.9998754110047277,0.40094602764349635,0.9126988605802957,1.3586009401731811,0.24396742040680436
350,0.11624999999999999,0.00026,2024-12-02 08:26:24,10,0.11147172146129447,0.1663087347790743,0.1411148839759059,0.06044062942085657,0.08791629078288116,0.31029203724313875,0.16306880651516772,0.12455386550191427,0.5721798801923672,0.4254402834527908,0.0037279898511561904,0.10047221115704354,0.9981587703787587,0.9998130698222667,0.6341911282495213,0.3074158600246583,0.9955142834658063,0.9949910454443698,0.5693138571748377,0.9949910454443698,0.23955147843117247,13.445291519165039,0.9998710140924595,0.3940121257548149,0.9108861219860455,1.3714532765526095,0.2437253485270029
350,0.118,0.0002,2024-12-02 08:47:29,10,0.11118767050086471,0.16582759361114888,0.14073602323019585,0.06034328404515536,0.08779985493503327,0.31045300168610174,0.16284269739675886,0.12422897065987047,0.571589279185533,0.42530025565927715,0.0037394429592201212,0.09749730310183417,0.9982930824425809,0.9998265006579459,0.6582461110673907,0.31310826053881063,0.9955142834658063,0.9949910454443698,0.5687262144616073,0.9949910454443698,0.2529053410640217,13.528060913085938,0.9998844457065241,0.41597643938570933,0.9164935491020939,1.330845556738596,0.24447412008112426
350,0.118,0.00022,2024-12-02 10:24:22,10,0.111215794358333,0.16595465318149671,0.1408544907284413,0.06031655410427334,0.08778172462176155,0.31009307211181303,0.16283140622970552,0.12429266757808716,0.5718142700452794,0.4249292885869575,0.0037352700535102463,0.09857406129293113,0.9982442967726256,0.999821622215677,0.6501403425933213,0.3108785184019307,0.9955142834658063,0.9949910454443698,0.5689500783523618,0.9949910454443698,0.24797782950620592,13.498085975646973,0.9998795669815247,0.40787171251743315,0.9144628192751033,1.3455433874345542,0.24420130740214283
350,0.118,0.00023999999999999998,2024-12-02 10:46:27,10,0.11137891273164903,0.16616905295364878,0.14099476580481132,0.06038846747743557,0.0878391028135547,0.3101497773974457,0.16295305054439876,0.12444914071278351,0.5720392609050258,0.425189702114801,0.0037314401521670914,0.09961162584918751,0.9981988936221909,0.9998170820326777,0.6412213740458015,0.30877993756722016,0.9955142834658063,0.9949910454443698,0.5691739422431162,0.9949910454443698,0.24345850148659914,13.469969749450684,0.9998750265353986,0.4004383622761814,0.9125580126587265,1.3597062220524614,0.24395091937080335
350,0.118,0.00026,2024-12-02 11:09:10,10,0.11147172146129448,0.16628337866630918,0.14108365335416226,0.06043561734768634,0.08790632341215372,0.3103131078157181,0.16305647900954345,0.12454169879321447,0.5722080040498355,0.42542183554152263,0.0037278303811168773,0.10053326523685617,0.9981559268286518,0.9998127854778431,0.6332205346134676,0.30720600194118725,0.9955142834658063,0.9949910454443698,0.5693418401611821,0.9949910454443698,0.23931764097237007,13.443670272827148,0.9998707297315567,0.39362751199735774,0.9107762864508769,1.3722866693568652,0.24371492283045784
360,0.111,0.0002,2024-12-02 11:31:56,10,0.11117079618638373,0.16573643660011664,0.14064237544165786,0.060314699268911864,0.08774831935239771,0.3101691181295853,0.16275695917670407,0.12418194611748638,0.5713080406108502,0.4250285033063596,0.0037396933866604386,0.09743923644270977,0.9982966796323377,0.9998268603667384,0.6607644080690434,0.31326565410141394,0.9955142834658063,0.9949910454443698,0.5684463845981643,0.9949910454443698,0.2536432537768901,13.532075881958008,0.9998848054361636,0.417190151605408,0.9167655535744821,1.3300529424525407,0.24449049231324102
360,0.111,0.00022,2024-12-02 11:54:30,10,0.1112804792305101,0.16602645830012808,0.14092864967572774,0.060342171367143496,0.08780403859355147,0.31032542874375285,0.1629070448039567,0.1243619352022256,0.5721798801923672,0.4251964987136885,0.0037358851184724146,0.09841104935978218,0.9982526621094628,0.999822458732524,0.6531570525432177,0.31148186039190995,0.9955142834658063,0.9949910454443698,0.5693138571748377,0.9949910454443698,0.24899551049188606,13.50401782989502,0.999880403546852,0.40954558508601047,0.9148646881155437,1.3433182622257054,0.24424151859591114
360,0.111,0.00023999999999999998,2024-12-02 12:16:34,10,0.11127485445901643,0.16598615859801782,0.14085664499506037,0.06035778680419494,0.0877953735942705,0.31014534677386835,0.16285621270191894,0.12433038081594808,0.5719267654751525,0.42506788786707544,0.0037319375715551394,0.099467690359309,0.9982061338781737,0.999817806048668,0.64465780016264,0.30925211825503,0.9955142834658063,0.9949910454443698,0.569062010297739,0.9949910454443698,0.24448721999080203,13.476009368896484,0.9998757505933492,0.4021303892563478,0.9129671823317987,1.3577414917361599,0.24398343923232566
360,0.111,0.00026,2024-12-02 12:38:33,10,0.11148015861853491,0.1662985789416553,0.14110803575991498,0.06043185745578904,0.08788818839120063,0.3102359569321158,0.16304180374822153,0.12455646430803514,0.5721517563348989,0.42537544233696073,0.003728439862706911,0.10039239995446175,0.99816375335427,0.999813568108948,0.6364995671677028,0.30767818262899715,0.9955142834658063,0.9949910454443698,0.5692858741884934,0.9949910454443698,0.24033697595543868,13.449840545654297,0.999871512408019,0.39530410504602265,0.9111943075759009,1.3703638476047852,0.24375476899927337
360,0.11275,0.0002,2024-12-02 13:00:51,10,0.11117642095787739,0.16576431493184526,0.14067810814099765,0.06032039323402306,0.08775938049955231,0.3102262140243505,0.16277779106209167,0.12419938308197938,0.5713080406108502,0.42509510774341136,0.0037395248074130662,0.0975028616438906,0.9982938946142775,0.9998265818867367,0.6601348338186301,0.3131607250596784,0.9955142834658063,0.9949910454443698,0.5684463845981643,0.9949910454443698,0.2533841610616209,13.530463218688965,0.9998845269400225,0.41676399822835786,0.9166562995215585,1.3309214312578124,0.24447947108264206
360,0.11275,0.00022,2024-12-02 13:22:26,10,0.11124391821580132,0.16602436017107886,0.14093807182463783,0.060332070215002816,0.08779587637288117,0.3102827965471145,0.16288912484141443,0.12434276795927086,0.5718142700452794,0.4251555740369675,0.003735628653639337,0.09850062230834963,0.998248708981584,0.9998220634442987,0.6525012460323706,0.31135069908974056,0.9955142834658063,0.9949910454443698,0.5689500783523618,0.9949910454443698,0.24867583115880754,13.502013206481934,0.9998800082357178,0.4090197793827393,0.9147288797067646,1.3445409397440822,0.24422475165626742
360,0.11275,0.00023999999999999998,2024-12-02 13:44:16,10,0.11134235171694032,0.16610354222216517,0.1409600578096785,0.06037761747178837,0.0878210935138262,0.3102444722111834,0.16293162318735965,0.12441279783362198,0.572264251764772,0.4252216762622793,0.003731736837262583,0.09955141856003727,0.998202426110307,0.9998174352804199,0.6438183678287558,0.3090160279111251,0.9955142834658063,0.9949910454443698,0.5693978061338706,0.9949910454443698,0.2441839587581166,13.474044799804688,0.9998753798036133,0.4016315878975253,0.9128340875068297,1.3588843880047525,0.24397031579654174
360,0.11275,0.00026,2024-12-02 14:06:19,10,0.1114379728323325,0.1662465609655998,0.14107744501670244,0.06041134154817631,0.08786930735109279,0.3102583555757425,0.16301247126272733,0.12451821452284642,0.5720392609050258,0.4253260358619561,0.0037282602272886364,0.10045021825319644,0.9981609071148527,0.9998132835025899,0.6357650638755542,0.3074683245455261,0.9955142834658063,0.9949910454443698,0.5691739422431162,0.9949910454443698,0.24009564032595954,13.448299407958984,0.9998712277851666,0.39490715836460705,0.9110898992083524,1.3711530717527485,0.24374302494774028
360,0.11449999999999999,0.0002,2024-12-02 14:28:24,10,0.11117642095787739,0.165768924119597,0.14067395157867388,0.060324149777842076,0.08775854067663356,0.31019959680210374,0.16277128422513265,0.12419776314802879,0.5713080406108502,0.42507047704760464,0.003739335486497291,0.09758008753308163,0.9982906641198835,0.9998262588487705,0.6596101886099526,0.31310826053881063,0.9955142834658063,0.9949910454443698,0.5684463845981643,0.9949910454443698,0.25316677209781124,13.52904987335205,0.9998842038833347,0.41640643880811445,0.9165605487785468,1.33197557048244,0.2444670938208943
360,0.11449999999999999,0.00022,2024-12-02 14:49:59,10,0.1112073572010925,0.16598493096931877,0.1409197920595696,0.060310472878108964,0.0877758144398813,0.3102399969465625,0.1628544911244434,0.1243128135801862,0.5718986416176843,0.4250586918120938,0.0037353648582427166,0.0986054303928256,0.9982443961189102,0.9998216321546352,0.6521339943862963,0.311245770048005,0.9955142834658063,0.9949910454443698,0.5690340273113946,0.9949910454443698,0.24841109744191864,13.500214576721191,0.9998795769210588,0.4085843477367587,0.9146070268718658,1.345971578019168,0.2442075054652776
360,0.11449999999999999,0.00023999999999999998,2024-12-02 15:11:50,10,0.11136766318866168,0.16617346125670432,0.14102014461430554,0.0603943980400778,0.08784417052416843,0.3102333789118487,0.16296512356513831,0.12445200190084382,0.5722080040498355,0.4252704242818917,0.003731557052711395,0.09961640146468208,0.9982004325404352,0.9998172359191813,0.6429527032344378,0.3088061698276541,0.9955142834658063,0.9949910454443698,0.5693418401611821,0.9949910454443698,0.24393286439649886,13.472528457641602,0.9998751804308206,0.40121859014090955,0.9127313589768778,1.3597714095649303,0.24395856199512397
360,0.11449999999999999,0.00026,2024-12-02 15:34:20,10,0.11148015861853497,0.16628508618622698,0.14109068993016824,0.06042457873362999,0.08787724380677095,0.3101739282020328,0.16302443593525537,0.12454970621821944,0.5719830131900892,0.4253121190166137,0.0037279773243535834,0.10055079001902446,0.9981560386723194,0.999812796668266,0.635135489625141,0.30749455680596,0.9955142834658063,0.9949910454443698,0.5691179762704276,0.9949910454443698,0.2397793100056129,13.446118354797363,0.9998707409226281,0.3943868610874759,0.9109421381089815,1.3725258839580847,0.24372452956036048
360,0.11624999999999999,0.0002,2024-12-02 15:57:19,10,0.1111848581151179,0.16579317536653287,0.14069912464539522,0.06033997279574626,0.08778802654651385,0.3103182303754719,0.16280874768314707,0.12421283830098262,0.5713642883257868,0.42519291626993944,0.0037391541542077114,0.09764344781651339,0.998288130947819,0.9998260055144783,0.6586395949738989,0.3128721701949057,0.9955142834658063,0.9949910454443698,0.568502350570853,0.9949910454443698,0.2528999393829876,13.527363777160645,0.9998839505343605,0.4159675547491342,0.9164463198219714,1.3328404431404128,0.24445523883275283
360,0.11624999999999999,0.00022,2024-12-02 16:20:03,10,0.11120454481534571,0.1659360601868372,0.1408536285687561,0.06032414084963331,0.08777945283550972,0.3102373408044686,0.16284218218326868,0.1242853063662347,0.5718423939027477,0.4250822846036373,0.0037350590065497423,0.09870957854826592,0.9982400649056488,0.9998211990459822,0.6512158652711104,0.31098344744366624,0.9955142834658063,0.9949910454443698,0.5689780613387061,0.9949910454443698,0.24805931609993667,13.497894287109375,0.999879143787305,0.4080057409368219,0.9144498328382981,1.347393208213036,0.24418750975352838
360,0.11624999999999999,0.00023999999999999998,2024-12-02 16:43:05,10,0.11138453750314266,0.1661834162094272,0.14102296512039023,0.060392170452002125,0.08785154807220917,0.31026160321166496,0.16297993755141685,0.12446363585859582,0.5722080040498355,0.42527512275173046,0.00373132594907648,0.09968696893009069,0.9981972411201371,0.9998169168102322,0.6418771805566486,0.3088061698276541,0.9955142834658063,0.9949910454443698,0.5693418401611821,0.9949910454443698,0.24359922538448014,13.470398902893066,0.9998748613033775,0.40066982368277226,0.912587086770977,1.3607346608016466,0.2439434530983151
360,0.11624999999999999,0.00026,2024-12-02 17:06:26,10,0.11146609668980081,0.16628717315501526,0.14109262867872804,0.060425911268781565,0.08789569060644137,0.31023753052890246,0.16303935999079758,0.12454168485030688,0.5720955086199623,0.4253399527072986,0.00372766557704774,0.10063494398042123,0.9981523788374531,0.9998124307021499,0.6341124314682196,0.3072846987224889,0.9955142834658063,0.9949910454443698,0.5692299082158048,0.9949910454443698,0.2394170249687077,13.443771362304688,0.9998703749353024,0.3937909779042244,0.9107831350195403,1.373674591891984,0.2437041484102494
360,0.118,0.0002,2024-12-02 17:29:25,10,0.11116517141489005,0.16579943627289787,0.14071513046870335,0.06033537253620325,0.08779013121228736,0.3104072557766721,0.16281957930228858,0.12420678776581164,0.5715049076131282,0.42524474452155975,0.0037389753794169578,0.09770437180278854,0.9982855990413122,0.9998257523402572,0.6580100207234857,0.31297709923664124,0.9955142834658063,0.9949910454443698,0.5686422655025745,0.9949910454443698,0.25265364220398284,13.525806427001953,0.9998836973454666,0.41556244735550585,0.9163408130990712,1.3336720601580487,0.24444355104659354
360,0.118,0.00022,2024-12-02 21:03:50,10,0.11119610765810523,0.1659088737912845,0.14081534132436688,0.0603125219020102,0.08777225474623579,0.31012034778945297,0.16281533790141606,0.12426513094574675,0.5718142700452794,0.424938774808723,0.003734820201224386,0.09879003312252381,0.9982364235795647,0.9998208349425113,0.6499567167702841,0.3108785184019307,0.9955142834658063,0.9949910454443698,0.5689500783523618,0.9949910454443698,0.24779410565998244,13.496048927307129,0.9998787796627324,0.4075695251810141,0.9143248141556208,1.3484914192328687,0.24417189734215486
360,0.118,0.00023999999999999998,2024-12-02 21:27:04,10,0.11137891273164903,0.1661690641139097,0.1409938137984242,0.060381226700163534,0.08782410730242418,0.31017261129124724,0.16294702474494377,0.12444876987043028,0.5721517563348989,0.42518117567547326,0.0037310507184712947,0.09978863348163343,0.9981925742176783,0.9998164501157589,0.641116445004066,0.3087537053067863,0.9955142834658063,0.9949910454443698,0.5692858741884934,0.9949910454443698,0.24328290096599747,13.46814250946045,0.999874394581857,0.4001495361129741,0.9124342215496777,1.362122389614588,0.2439254593059894
360,0.118,0.00026,2024-12-02 21:50:18,10,0.11145765953256032,0.16626897076948713,0.14107091840353464,0.06043061643477705,0.08789889957560222,0.31036061704636986,0.16304921513180484,0.12452796053320937,0.5721236324774306,0.42543442431581774,0.0037274249414657183,0.10074290978985273,0.99814760657731,0.99981195347209,0.6331680700925999,0.30707484063901785,0.9955142834658063,0.9949910454443698,0.5692578912021491,0.9949910454443698,0.2391440382327354,13.44178581237793,0.9998698976775845,0.39334197176638824,0.910648618793528,1.3751483333513914,0.24368841634191288
370,0.111,0.0002,2024-12-03 10:19:45,10,0.11114829710040912,0.16570925020456395,0.14062478009228016,0.060310536491596116,0.08773770786189791,0.31019688485870484,0.16274174481539447,0.12416105019373619,0.5711392974660404,0.4250389939516055,0.0037392048310205947,0.097660305573635,0.9982888815817693,0.9998260806023609,0.66060701450644,0.3131344927992445,0.9955142834658063,0.9949910454443698,0.5682784866800985,0.9949910454443698,0.253397624393798,13.529806137084961,0.9998840256265947,0.41678614259651436,0.916611783825246,1.3330705527993276,0.24445855193830712
370,0.111,0.00022,2024-12-03 12:16:47,10,0.11123548105856082,0.16597172838067384,0.14089932134223693,0.06031944349582044,0.08778157863049144,0.31028774054269315,0.16286886044710397,0.12432241516119141,0.5721798801923672,0.4251070157417911,0.003735489021172592,0.098606289010173,0.9982450455082392,0.9998216970852809,0.6530258912410483,0.3114556281314761,0.9955142834658063,0.9949910454443698,0.5693138571748377,0.9949910454443698,0.2488339502106683,13.5022554397583,0.9998796418554676,0.4092798521827654,0.9147452904279016,1.345983298210859,0.24421562288366291
370,0.111,0.00023999999999999998,2024-12-03 18:19:51,10,0.1112804792305101,0.1659899084456803,0.14086236704208188,0.06036539028994618,0.08780424669698808,0.31014681992830706,0.16286698091406143,0.12433612090695897,0.5719548893326208,0.42510621220300665,0.003731564228974349,0.09964137469320629,0.9981999361254011,0.9998171862825984,0.644421709818735,0.3091471892132945,0.9955142834658063,0.9949910454443698,0.5690899932840833,0.9949910454443698,0.24431591396154645,13.474296569824219,0.999875130791361,0.4018486266340353,0.91285114431935,1.3601122960219039,0.24395903115873746
