topK,alpha,beta,normalize_similarity,implicit,iteration,RECALL,MAP
29,0.23305880505601254,0.18924077070615128,False,False,0,0.031304758613755465,0.031304758613755465
28,0.23146757332049514,0.1580950906437779,False,False,1,0.030822800988382824,0.030822800988382824
33,0.32884780250291573,0.11178426877272299,False,False,2,0.03143576655860362,0.03143576655860362
19,0.42661891227050586,0.22564652304190602,False,False,3,0.036070250797165984,0.036070250797165984
7,0.32616486085930513,0.17784184243317339,True,False,4,0.04210637882539779,0.04210637882539779
13,0.45117226456537957,0.22907291699478627,False,True,5,0.03711287179910142,0.03711287179910142
33,0.2679719162756222,0.1309478036068686,False,True,6,0.03075646017635188,0.03075646017635188
29,0.2688957143430733,0.1575258802387588,False,True,7,0.03148310519451328,0.03148310519451328
5,0.21360782928541883,0.2734461551195943,False,True,8,0.03420348197407923,0.03420348197407923
21,0.45163388307570007,0.19861692756896857,False,False,9,0.03593624262735731,0.03593624262735731
2,0.3745896372954909,0.2701830024365993,True,False,10,0.029622494609287075,0.029622494609287075
11,0.4999218213358517,0.23475276233528236,True,True,11,0.04262004844540397,0.04262004844540397
12,0.49380988634441336,0.24752979419010085,True,True,12,0.04261402207317839,0.04261402207317839
12,0.4831448302957453,0.244794971798917,True,True,13,0.042610232908521235,0.042610232908521235
13,0.4908677305274508,0.29395310149174936,True,True,14,0.042452590359515784,0.042452590359515784
9,0.39875350592100417,0.24184976331286193,True,True,15,0.042543044549845,0.042543044549845
18,0.499333509503372,0.21508452954864957,True,True,16,0.042587759397735195,0.042587759397735195
15,0.4512965285608015,0.25785124967561746,True,True,17,0.042669070904037494,0.042669070904037494
23,0.44189759334414463,0.27376730097250424,True,True,18,0.042283770789122786,0.042283770789122786
17,0.3519612378608534,0.2584255307211075,True,True,19,0.04268392325735437,0.04268392325735437
38,0.3701286655263829,0.2893544192479211,True,True,20,0.04133780955175891,0.04133780955175891
16,0.40321778599499086,0.25951775382931147,True,True,21,0.042645233654632804,0.042645233654632804
16,0.40148610481890146,0.25444930070495375,True,True,22,0.042678695968336025,0.042678695968336025
24,0.34008590179854126,0.2120331107215949,True,True,23,0.04227817382550373,0.04227817382550373
16,0.308154240528042,0.2997411195641402,True,True,24,0.04270116609795202,0.04270116609795202
17,0.29926955491146046,0.29877258665183715,True,True,25,0.04256072468844598,0.04256072468844598
24,0.3005263011243636,0.28314236409377136,True,True,26,0.04221323958024644,0.04221323958024644
20,0.35883612556425276,0.2548869095113677,True,True,27,0.04256217295631758,0.04256217295631758
15,0.39211606780154595,0.27853401521825544,True,True,28,0.04272574269655803,0.04272574269655803
8,0.30753262055292246,0.2824359051755047,True,True,29,0.04232006652339356,0.04232006652339356
27,0.27362971930518554,0.29843006585787224,True,True,30,0.04185697470028021,0.04185697470028021
15,0.39507757381769715,0.2680790396906475,True,True,31,0.04271647152806631,0.04271647152806631
15,0.3844086646356272,0.2656801377522439,True,True,32,0.04280850810601558,0.04280850810601558
14,0.386474011194605,0.270908665839702,True,True,33,0.042753934893087896,0.042753934893087896
10,0.38100479779464147,0.2726192769815709,True,False,34,0.0426002550754728,0.0426002550754728
14,0.4217235539244587,0.26973733332308425,True,False,35,0.04268197795747392,0.04268197795747392
6,0.4190152385756055,0.21953848893929281,True,True,36,0.04139498626568507,0.04139498626568507
19,0.3857224585835307,0.2839393665618193,True,True,37,0.04255473212792183,0.04255473212792183
22,0.33005298772166464,0.174825589327814,False,False,38,0.03332890174635072,0.03332890174635072
4,0.47209893259288016,0.10190033981874344,True,True,39,0.03822171301799986,0.03822171301799986
26,0.3621773577034372,0.23590161094885412,False,True,40,0.0345693133113952,0.0345693133113952
14,0.39249298943073524,0.2852659724222514,True,True,41,0.042640125833625815,0.042640125833625815
19,0.4111840547774802,0.26530819235142644,True,True,42,0.04259352880103092,0.04259352880103092
11,0.4358221113907315,0.27676266206064737,True,True,43,0.04268590349599293,0.04268590349599293
15,0.34492148756670227,0.13976210899976682,True,True,44,0.042602836035337134,0.042602836035337134
21,0.3721177603578388,0.29118369303865344,False,False,45,0.03582001490419664,0.03582001490419664
13,0.31906692741772313,0.26428327701580256,True,True,46,0.04278795284574877,0.04278795284574877
9,0.32190304815666904,0.22769841337774593,True,True,47,0.04259926101145501,0.04259926101145501
13,0.28047588844328225,0.24778903665268692,False,True,48,0.03446477429336829,0.03446477429336829
11,0.3869264692995173,0.2649603169348497,True,True,49,0.042729292925192695,0.042729292925192695
11,0.2542929476740089,0.19358428619711868,True,False,50,0.042728595277089595,0.042728595277089595
7,0.23392534811240745,0.2000180380751281,True,False,51,0.04200971004437296,0.04200971004437296
11,0.24128625902285245,0.1844786388251108,True,False,52,0.042754925575935444,0.042754925575935444
11,0.23823495264461575,0.182758858564406,True,False,53,0.042714776434775205,0.042714776434775205
9,0.2510954367693388,0.16679138798647278,True,False,54,0.04241865017376792,0.04241865017376792
4,0.21638022626888692,0.19914982060429284,True,False,55,0.038672952712756586,0.038672952712756586
12,0.20862178828575084,0.18809336678973557,True,False,56,0.04272256214252398,0.04272256214252398
10,0.25908653902373985,0.20718269053392524,True,False,57,0.04268687163770618,0.04268687163770618
7,0.2548706003384869,0.16714931031700994,True,False,58,0.041963087089473494,0.041963087089473494
13,0.22906238867542014,0.1455879346086537,False,False,59,0.031664264908818025,0.031664264908818025
40,0.2858404898791478,0.23671998794840085,True,False,60,0.04107914327460314,0.04107914327460314
32,0.3823780354578658,0.2630641833298286,True,True,61,0.041628541719354935,0.041628541719354935
11,0.35981911409582895,0.19189533582594173,True,True,62,0.0427922548212087,0.0427922548212087
10,0.361673241812643,0.1892220320601111,True,True,63,0.04261421029164906,0.04261421029164906
12,0.3364296050899358,0.17601258403436992,True,False,64,0.04277716127775588,0.04277716127775588
17,0.32582446823636396,0.1770987265134899,True,True,65,0.04265120592813619,0.04265120592813619
12,0.3368906110541594,0.17005478167964577,True,True,66,0.04273092828447817,0.04273092828447817
14,0.33586251874507045,0.15669158003498446,True,True,67,0.04267249715643406,0.04267249715643406
8,0.3505874533642257,0.17018579508525858,True,True,68,0.042238256858025604,0.042238256858025604
13,0.3159876399265812,0.15757786241573818,True,False,69,0.04264244644339049,0.04264244644339049
18,0.3368408429741476,0.1850406590320168,True,True,70,0.04267598201577982,0.04267598201577982
13,0.36703564641104997,0.2507569537352609,True,True,71,0.04276809861475537,0.04276809861475537
12,0.3693178571398423,0.15026451802656882,True,True,72,0.042666665765019506,0.042666665765019506
14,0.3551128205709758,0.20815331548675817,True,True,73,0.042818287577083176,0.042818287577083176
16,0.3572754823214406,0.20646190088869976,True,True,74,0.0427868753795346,0.0427868753795346
16,0.3533215830612101,0.20583415557173082,True,True,75,0.04281657332382823,0.04281657332382823
16,0.3546807258675002,0.20916955530134862,True,True,76,0.042748685062935284,0.042748685062935284
18,0.34544074068045943,0.22215799995270577,True,True,77,0.042743144452151695,0.042743144452151695
16,0.3689844343500876,0.2167255346812424,True,True,78,0.04274791866437279,0.04274791866437279
15,0.37701098718500575,0.2059221538758302,False,True,79,0.03540264213650167,0.03540264213650167
20,0.3155489140720569,0.19418137766276206,True,True,80,0.04257278194112345,0.04257278194112345
14,0.35736273092872345,0.20345720170217205,True,True,81,0.04284860878373713,0.04284860878373713
17,0.36084678528371755,0.20239887642195317,True,True,82,0.0427848737268186,0.0427848737268186
17,0.3560661248867665,0.20450695078387654,True,True,83,0.04276011679913906,0.04276011679913906
18,0.3424248430722852,0.21355282313710772,True,True,84,0.042743263920162866,0.042743263920162866
14,0.33051533674452643,0.1951493572500563,True,True,85,0.0428404184626298,0.0428404184626298
20,0.3290371866463229,0.19441375561644547,True,True,86,0.042564058522192506,0.042564058522192506
14,0.35005118656090783,0.20159687861546513,True,True,87,0.04280835708041641,0.04280835708041641
15,0.3492465720535894,0.22253553642351534,True,True,88,0.04282796674010371,0.04282796674010371
14,0.3012209650470196,0.23256675765665924,True,True,89,0.04278540795169887,0.04278540795169887
14,0.37731450616137147,0.19593957627263842,True,True,90,0.042764690395265835,0.042764690395265835
16,0.3512605022111053,0.22460357086401836,True,True,91,0.042769430795785796,0.042769430795785796
15,0.34679908887788097,0.2124083471867048,True,True,92,0.04285685771179355,0.04285685771179355
15,0.31809252072583394,0.21322257114887716,True,True,93,0.04284897507716783,0.04284897507716783
15,0.3445191863918695,0.21958056982658708,True,True,94,0.04284396418303751,0.04284396418303751
15,0.34716889277632135,0.21862286679058074,True,True,95,0.04285870495774018,0.04285870495774018
15,0.33074897695530964,0.21967281297254582,False,True,96,0.034815806249032445,0.034815806249032445
19,0.34526092636427125,0.21177678828628274,True,True,97,0.04269683481901764,0.04269683481901764
15,0.3089972131364438,0.23116810694863094,True,True,98,0.042840981990984336,0.042840981990984336
15,0.307399291230028,0.2404053769281481,True,True,99,0.042853526132160376,0.042853526132160376
15,0.2923163533678546,0.2305284866547387,True,True,100,0.04282779317337056,0.04282779317337056
15,0.28684355127735695,0.23140529273852595,True,True,101,0.04281648541340482,0.04281648541340482
13,0.295230239798022,0.23726741608114282,True,True,102,0.042771346792191994,0.042771346792191994
18,0.30594483484710655,0.240047132541652,True,True,103,0.042684794472190694,0.042684794472190694
17,0.31538396525272766,0.22805159291687285,True,True,104,0.0427108576585964,0.0427108576585964
14,0.31058305737118475,0.24490170368678868,True,True,105,0.04282290062019489,0.04282290062019489
15,0.29160451028669704,0.24422257448350268,True,True,106,0.04285318688809082,0.04285318688809082
15,0.2948642811816041,0.21769097968305123,True,True,107,0.042809727581375016,0.042809727581375016
19,0.3206033831055979,0.22531436974670835,True,True,108,0.042673763968175495,0.042673763968175495
17,0.28806691906692816,0.24251037174546508,True,True,109,0.04271875043673253,0.04271875043673253
12,0.2747775823600671,0.22126647836938956,True,True,110,0.04278285742236539,0.04278285742236539
16,0.3088704617581695,0.24829271639980666,True,True,111,0.042693525780518604,0.042693525780518604
13,0.3099795513117423,0.2307282658870938,True,True,112,0.04284678069775441,0.04284678069775441
15,0.3268093223792304,0.22856503524740437,True,True,113,0.04280316585721258,0.04280316585721258
12,0.2922428494372778,0.23302149917163553,True,True,114,0.04287586665025484,0.04287586665025484
10,0.30215856150791154,0.21357590215619235,True,True,115,0.042698114028383034,0.042698114028383034
13,0.26706598760482675,0.23357533444281348,False,True,116,0.03402258035576145,0.03402258035576145
12,0.28005773417046403,0.23922705546440193,True,True,117,0.04290337134219192,0.04290337134219192
12,0.28171761991998057,0.24161257678572381,True,True,118,0.04287910468418103,0.04287910468418103
12,0.2795796988398721,0.23942010594360966,True,True,119,0.04289873237677586,0.04289873237677586
10,0.27471847686909434,0.23866792442720025,True,True,120,0.04271540984064593,0.04271540984064593
12,0.2828426625904059,0.25683935339368613,True,True,121,0.04289104134179068,0.04289104134179068
9,0.2799119112515309,0.2544589741634212,True,True,122,0.04263551391757065,0.04263551391757065
12,0.2629927072971885,0.2520337378924545,True,True,123,0.04283467723575185,0.04283467723575185
11,0.2847510405794645,0.24499412466224393,True,True,124,0.04289880788957572,0.04289880788957572
12,0.279329558604867,0.24546048966791495,True,True,125,0.042882869053590636,0.042882869053590636
11,0.2809019104961481,0.25884033293513636,True,True,126,0.04283124760218522,0.04283124760218522
9,0.2658837260791295,0.24276533286158714,True,True,127,0.04263086480864423,0.04263086480864423
11,0.28126760580662025,0.24765424697276023,True,True,128,0.04289739568751877,0.04289739568751877
11,0.28960602359245613,0.246086304581279,True,True,129,0.042919711410365595,0.042919711410365595
10,0.28165257573792774,0.24525214302928436,True,True,130,0.042708695963827724,0.042708695963827724
11,0.2906294426757239,0.24874195517324016,True,True,131,0.042923521989100225,0.042923521989100225
8,0.272516870044928,0.2503432855987292,True,True,132,0.042489735894545445,0.042489735894545445
11,0.29096859820089704,0.25654941376827306,True,True,133,0.04284254409158385,0.04284254409158385
8,0.2954594240733926,0.2401664076580676,True,True,134,0.042453200097195505,0.042453200097195505
12,0.2841698878040347,0.2605418162851427,True,True,135,0.042848639214268354,0.042848639214268354
10,0.24647605887420626,0.2456220049045197,True,True,136,0.042671849098826146,0.042671849098826146
11,0.27706946171718955,0.2510750549692799,True,True,137,0.042880538300315726,0.042880538300315726
7,0.25850361208489153,0.2533195603288628,False,True,138,0.034789394802103565,0.034789394802103565
12,0.27057193463191787,0.23558201058739447,True,True,139,0.04285185358000358,0.04285185358000358
9,0.2784098686908366,0.2514395999521243,True,True,140,0.04268193625637563,0.04268193625637563
11,0.2869103552727713,0.24816116174222114,True,True,141,0.04291857646425924,0.04291857646425924
11,0.2992774671399005,0.24778262474226212,True,True,142,0.04291014269890243,0.04291014269890243
11,0.2768678057029309,0.2617046702292368,True,True,143,0.04282869143756826,0.04282869143756826
9,0.2862786313963063,0.2478008536787321,True,True,144,0.04266179237180788,0.04266179237180788
11,0.29855495478933003,0.25521025218775817,True,True,145,0.04284993645654104,0.04284993645654104
12,0.26998631472975654,0.24937454859180466,True,True,146,0.04285747195770018,0.04285747195770018
12,0.2688174876177397,0.24973616382929414,True,True,147,0.042837962606059855,0.042837962606059855
10,0.2614213191471185,0.2578139018290048,True,True,148,0.04269811853660965,0.04269811853660965
11,0.28413622079986117,0.2684943788997954,True,True,149,0.04280864786104761,0.04280864786104761
13,0.27363145888904705,0.2470924986310629,True,True,150,0.042767033546165026,0.042767033546165026
12,0.2898449782766841,0.23806762620595323,True,True,151,0.04288858773933422,0.04288858773933422
10,0.29081097420371305,0.23593431191785924,True,True,152,0.04276316323342478,0.04276316323342478
12,0.2992534762462792,0.2425551372612884,True,True,153,0.0429085535489419,0.0429085535489419
11,0.30015960756918836,0.24183342444949035,True,True,154,0.042927519659248646,0.042927519659248646
11,0.3018331677608633,0.24330976208812516,True,True,155,0.042897628988257656,0.042897628988257656
8,0.3008952704571893,0.24175638293054563,True,True,156,0.04246321174194546,0.04246321174194546
11,0.29825529316337684,0.24025892645139324,True,True,157,0.042919025032829565,0.042919025032829565
11,0.3006635438774237,0.1258139749137343,True,True,158,0.0424822736520724,0.0424822736520724
6,0.28609582454910654,0.23737437139646514,True,True,159,0.04150900946592223,0.04150900946592223
2,0.29717651537114753,0.24540177785304879,True,True,160,0.029679948579164013,0.029679948579164013
10,0.28266250040373675,0.2424762979841094,True,True,161,0.042714167824152036,0.042714167824152036
11,0.3041497949252813,0.2393474613112291,True,True,162,0.042900770095306746,0.042900770095306746
11,0.3049373937651047,0.2530293941445399,True,True,163,0.04287653274077028,0.04287653274077028
11,0.2885087508929304,0.238300831007601,True,True,164,0.042903663249879875,0.042903663249879875
13,0.2898885444633527,0.23840936769565416,True,True,165,0.04278570774878368,0.04278570774878368
9,0.2935647473967405,0.24646986779274943,True,True,166,0.042672679739621015,0.042672679739621015
10,0.2994545477189592,0.2364511093066432,False,True,167,0.035280246031970434,0.035280246031970434
13,0.30322432006663597,0.24087020052207408,True,True,168,0.042726656739549444,0.042726656739549444
10,0.28780610617745433,0.24580240416937327,True,True,169,0.04272298591584668,0.04272298591584668
12,0.2963279230680613,0.2565286753115069,True,True,170,0.042876106713333965,0.042876106713333965
11,0.2755664420284376,0.2504770293654563,True,True,171,0.04285933723655456,0.04285933723655456
11,0.3123836857181102,0.23445841886415902,True,True,172,0.042875607427211776,0.042875607427211776
9,0.2783664254569836,0.24324961316126925,True,True,173,0.042670993662783804,0.042670993662783804
11,0.2885403129092226,0.25221038857403827,True,True,174,0.04289783185846534,0.04289783185846534
12,0.2879064563003566,0.2390371400549192,True,True,175,0.04289501196257805,0.04289501196257805
13,0.28757873712152515,0.23840911759288866,True,True,176,0.04281225331546106,0.04281225331546106
35,0.29503361761312097,0.22710314201110113,True,True,177,0.04141774830298914,0.04141774830298914
10,0.30273510381596813,0.263027818737602,True,True,178,0.042691594005318814,0.042691594005318814
11,0.29028377058236166,0.25387359591714753,True,True,179,0.04284920161556652,0.04284920161556652
13,0.3054728398449223,0.23360332477666576,True,True,180,0.042806362190040685,0.042806362190040685
12,0.28305559967622324,0.24723332279999025,True,True,181,0.042896647321863456,0.042896647321863456
12,0.285562351117938,0.24040115960410025,True,True,182,0.042890544309781835,0.042890544309781835
12,0.28354774879582667,0.24874084496129562,True,True,183,0.042889651680867946,0.042889651680867946
11,0.2969501267939496,0.2427362131491404,True,True,184,0.04290719995383419,0.04290719995383419
10,0.29822128184601,0.2587530038021374,True,True,185,0.042669064141697306,0.042669064141697306
9,0.29487659807614275,0.24325067260674865,True,True,186,0.04266406451813416,0.04266406451813416
11,0.3137606094388369,0.24818911037887792,True,True,187,0.042908394633946044,0.042908394633946044
11,0.31317956632691013,0.24793025416991862,True,True,188,0.04291907800449479,0.04291907800449479
11,0.31299194449558787,0.2511268015933335,True,True,189,0.042893340537478085,0.042893340537478085
9,0.3220933213358339,0.24819122174827793,True,True,190,0.04266096736629667,0.04266096736629667
10,0.3066547697970367,0.24347149765521783,True,True,191,0.04272763502477329,0.04272763502477329
11,0.3140455445126573,0.24439547612235374,True,True,192,0.04289496011796961,0.04289496011796961
11,0.3009513785211777,0.24771141429783766,True,True,193,0.04291372786629516,0.04291372786629516
11,0.3028793611763324,0.24774662869496744,True,True,194,0.042918604640676906,0.042918604640676906
8,0.3023305847934197,0.25388678838188106,True,True,195,0.04246491134346335,0.04246491134346335
10,0.30866700180794043,0.25188828894173465,True,True,196,0.04271094782313327,0.04271094782313327
11,0.29741476473128736,0.24827396579065764,False,True,197,0.035156317130314384,0.035156317130314384
11,0.30471392552453547,0.2404122323350032,True,True,198,0.042898564445326394,0.042898564445326394
9,0.3215819062761883,0.23379163104203154,True,True,199,0.04263341646503446,0.04263341646503446
10,0.313570498662091,0.24171910400431254,True,True,200,0.04275079491309552,0.04275079491309552
11,0.304964820257941,0.24612166576330557,True,True,201,0.042901810368649575,0.042901810368649575
11,0.3057381330569408,0.24014928836100588,True,True,202,0.042900568352155756,0.042900568352155756
10,0.3080114142540447,0.23825924146332897,True,True,203,0.04275629382278092,0.04275629382278092
13,0.31622434514185876,0.23556822876768596,True,True,204,0.04280582120282014,0.04280582120282014
11,0.2948920949405196,0.2456475835046662,True,True,205,0.04290220821966803,0.04290220821966803
11,0.30340372740710986,0.24018813848510417,True,True,206,0.04292078662246636,0.04292078662246636
10,0.29679950111657366,0.24868580472727103,True,True,207,0.04271204106814146,0.04271204106814146
12,0.308539292982031,0.24495659552752153,True,True,208,0.04285141628200034,0.04285141628200034
12,0.29578330542819203,0.23042389382547573,True,True,209,0.042872983639192126,0.042872983639192126
13,0.3039910599081994,0.24078460561401843,True,False,210,0.04273324213190263,0.04273324213190263
11,0.30215617387058696,0.24058940739644957,True,True,211,0.04291911857853641,0.04291911857853641
11,0.2989726867855025,0.24531277779931393,True,True,212,0.042894086649019905,0.042894086649019905
11,0.29182582547795427,0.23609697741436805,True,True,213,0.04290199520594989,0.04290199520594989
11,0.29218083201148287,0.2350138466997176,True,True,214,0.04290584297755591,0.04290584297755591
9,0.29294846428560256,0.23661217643109433,True,True,215,0.04262638475822428,0.04262638475822428
10,0.31130257610731615,0.23365641311787944,True,True,216,0.04272860767471357,0.04272860767471357
10,0.31952125302991463,0.24149090022872916,True,True,217,0.04273223228909106,0.04273223228909106
11,0.30063722851267927,0.22939914888730303,True,True,218,0.04291012804716512,0.04291012804716512
11,0.2928622699960712,0.2276997901956611,True,True,219,0.04289603871124046,0.04289603871124046
9,0.3006161342865391,0.2310541315854386,True,True,220,0.04260679989378438,0.04260679989378438
11,0.3045394520396771,0.2364465351157452,True,True,221,0.04289145384454655,0.04289145384454655
12,0.29950797608139335,0.24763046615762344,True,True,222,0.0429039946045523,0.0429039946045523
12,0.29893593847238026,0.24835019859848717,True,True,223,0.04288659059484518,0.04288659059484518
13,0.2929208987116112,0.25505878749497224,True,True,224,0.04274434251343394,0.04274434251343394
30,0.31111829631745314,0.24541141753990775,True,True,225,0.04158669184962018,0.04158669184962018
10,0.29867984408452075,0.2506808297457859,True,True,226,0.042699316597891945,0.042699316597891945
12,0.4653665609089646,0.24284719936167612,True,True,227,0.04260419526572882,0.04260419526572882
11,0.29237354275314786,0.23671501252182112,True,True,228,0.04290554768869804,0.04290554768869804
12,0.2911895529440208,0.2328704600411816,True,True,229,0.042875723514052735,0.042875723514052735
10,0.2917747652872663,0.24695850537597147,True,True,230,0.042689439072890425,0.042689439072890425
11,0.3012324972233937,0.23771302504233932,True,True,231,0.042919666328097135,0.042919666328097135
11,0.29775126805878827,0.24268290602061598,True,True,232,0.04290694073079103,0.04290694073079103
11,0.29721156633147483,0.23679447329089137,True,True,233,0.04291837922933497,0.04291837922933497
12,0.2971757689977078,0.24212930246099015,True,True,234,0.04291579714241345,0.04291579714241345
13,0.2998357355818008,0.2378454531960555,True,True,235,0.04277811589478884,0.04277811589478884
12,0.2993444272316486,0.22941521124252073,False,True,236,0.03475140284748529,0.03475140284748529
12,0.3102150637999029,0.24182347045908023,True,True,237,0.042846615020418186,0.042846615020418186
10,0.2969357981149335,0.23443069036613684,True,True,238,0.04275230066085924,0.04275230066085924
26,0.2878226219837801,0.24095717964019178,True,True,239,0.042043629943100014,0.042043629943100014
13,0.3027404209551637,0.2509899827737031,True,True,240,0.04275609320668642,0.04275609320668642
11,0.29399438345690626,0.24387309317965583,True,True,241,0.042888691428551784,0.042888691428551784
11,0.2955720432796927,0.23792869367182087,True,True,242,0.042908602012380614,0.042908602012380614
10,0.28946367813185336,0.23597765266355716,True,True,243,0.042763231983884056,0.042763231983884056
12,0.30159499085880015,0.23845713846987257,True,True,244,0.04286497364715815,0.04286497364715815
11,0.3151199594722096,0.24163161478874484,True,True,245,0.04288008184234837,0.04288008184234837
11,0.3071402906969453,0.23339230498438454,True,True,246,0.042901624404292404,0.042901624404292404
10,0.29666368530252585,0.22416879443260496,True,True,247,0.04274430644761926,0.04274430644761926
12,0.2888301643247123,0.2485100815115235,True,True,248,0.04292797499015894,0.04292797499015894
12,0.28833487515038353,0.24896940249508348,True,True,249,0.04292651770583364,0.04292651770583364
13,0.2958306296398269,0.2547704613197607,True,False,250,0.042742231536217166,0.042742231536217166
12,0.3023275858436264,0.2506021470366135,True,True,251,0.04288232243108643,0.04288232243108643
12,0.28722485506052325,0.24866849073228617,True,True,252,0.04291367714874302,0.04291367714874302
11,0.28679549492068945,0.2524964398268146,True,True,253,0.0428845810527325,0.0428845810527325
10,0.28471782047049693,0.2442059532432578,True,True,254,0.04273213310810043,0.04273213310810043
9,0.29333077264330015,0.2590230635816398,True,True,255,0.0426275321019545,0.0426275321019545
12,0.3101735810627676,0.24874488442619458,True,True,256,0.042847523428125894,0.042847523428125894
11,0.2897002983687351,0.2552163027188427,True,True,257,0.04283553605296465,0.04283553605296465
13,0.3055650633190142,0.24391606083649206,True,True,258,0.042751154444185736,0.042751154444185736
10,0.29448476363701476,0.24917737340450397,True,True,259,0.042723645244021786,0.042723645244021786
11,0.2851029400574526,0.246624394096912,True,True,260,0.0429233991399189,0.0429233991399189
12,0.282830003121858,0.2473679663464161,True,True,261,0.042889463462397505,0.042889463462397505
14,0.31767538879805296,0.2530637818843354,False,True,262,0.0351432274936908,0.0351432274936908
12,0.28594962392981166,0.24324865216247393,True,True,263,0.042896657465373834,0.042896657465373834
10,0.276467952000496,0.24922051518967078,True,True,264,0.042740891465789556,0.042740891465789556
3,0.2998548958744032,0.24491045487653698,True,True,265,0.03539690090962376,0.03539690090962376
11,0.3069882714075949,0.2475796460204023,True,True,266,0.04291132498139059,0.04291132498139059
8,0.31075307961201265,0.25730831970358403,True,True,267,0.042396400947266835,0.042396400947266835
22,0.3059210199316425,0.2508074651313614,True,False,268,0.042365511704031515,0.042365511704031515
13,0.31660464010779604,0.24685076826331098,True,True,269,0.04280712295331957,0.04280712295331957
9,0.3001666973514944,0.2538821931843116,True,True,270,0.04267943419048069,0.04267943419048069
10,0.32634750677474605,0.2409073152645788,True,True,271,0.042729495795400536,0.042729495795400536
11,0.30802326887658177,0.247118735092435,True,True,272,0.042924184698445236,0.042924184698445236
12,0.308789567171781,0.2498655088695544,True,True,273,0.04284478693443537,0.04284478693443537
11,0.3052022946730686,0.2465849617471404,True,True,274,0.042898067413317524,0.042898067413317524
12,0.32167949361113707,0.2551999734506853,True,True,275,0.042864300794302604,0.042864300794302604
10,0.3041982067659737,0.2515553773273411,True,True,276,0.04269601882996012,0.04269601882996012
13,0.3139768351901552,0.24589267434966833,True,True,277,0.04279110973159186,0.04279110973159186
11,0.28837623373519405,0.2590764298996989,True,True,278,0.042814199742398286,0.042814199742398286
9,0.31154101930119016,0.2412024567727277,True,True,279,0.04264698622781615,0.04264698622781615
11,0.29724343833635175,0.24808787827613465,False,True,280,0.035150697625561125,0.035150697625561125
12,0.2794657323374976,0.24310657635160102,True,True,281,0.042888658743906946,0.042888658743906946
10,0.300235639053395,0.25309750932435343,True,True,282,0.04268631825286195,0.04268631825286195
14,0.285610343788797,0.23878706168846564,True,True,283,0.04280289761771587,0.04280289761771587
11,0.307069538355376,0.2457661838103976,True,True,284,0.04289731228532221,0.04289731228532221
13,0.29518716352942925,0.25003608934416455,True,True,285,0.04278404421308055,0.04278404421308055
12,0.2919822054629012,0.2617985648189505,True,True,286,0.04285689828583509,0.04285689828583509
11,0.3026126576309308,0.2401894833464962,True,True,287,0.0429165128234242,0.0429165128234242
10,0.3158974794540034,0.23929476456173074,True,False,288,0.04275134266265626,0.04275134266265626
12,0.30958910485327124,0.2316116509872001,True,True,289,0.04281975951314576,0.04281975951314576
9,0.30124009828661347,0.24643846526489663,True,True,290,0.04265179087056836,0.04265179087056836
10,0.30467863544548335,0.2565614424136555,True,True,291,0.04265490943648343,0.04265490943648343
11,0.282387265911433,0.23937857193616258,True,True,292,0.04290245842625751,0.04290245842625751
13,0.2919168094058991,0.25034606605112225,True,True,293,0.04279935302436484,0.04279935302436484
12,0.3193458889066763,0.2439451643299308,True,True,294,0.04286166686277262,0.04286166686277262
11,0.30341633563096143,0.2369288415095359,True,True,295,0.04290419747476016,0.04290419747476016
10,0.2887190809254974,0.2538908703173788,True,True,296,0.04271791979593785,0.04271791979593785
8,0.2727923374752889,0.24139934991025833,True,True,297,0.04247255391500993,0.04247255391500993
13,0.31096039735974257,0.2468126325413537,True,True,298,0.042772476103014836,0.042772476103014836
11,0.2953525607911439,0.24997505926270477,True,True,299,0.04291709100351614,0.04291709100351614
12,0.29599302164024355,0.25259000221179834,False,True,300,0.03501799458742192,0.03501799458742192
11,0.2836934959959693,0.2430507177306875,True,True,301,0.04291200572364321,0.04291200572364321
9,0.28480502802803664,0.2342085632378768,True,True,302,0.04260557365608455,0.04260557365608455
11,0.27445692813432654,0.24926563797614026,True,True,303,0.04286359863797291,0.04286359863797291
10,0.2811273763739212,0.24411052684417905,True,True,304,0.0427055424591547,0.0427055424591547
11,0.29034520951897924,0.256432014693851,True,True,305,0.04282930342936139,0.04282930342936139
11,0.2874754434173056,0.2389331268587971,True,True,306,0.042907119932807734,0.042907119932807734
10,0.2789056208510131,0.24484230326750905,True,True,307,0.04271931621920074,0.04271931621920074
12,0.29562687130845017,0.22984932529686933,True,False,308,0.042877591047020325,0.042877591047020325
9,0.3010551508229347,0.26632471146315134,True,True,309,0.04264259634193286,0.04264259634193286
11,0.2854328096322627,0.2503802028350707,True,True,310,0.042910884302217296,0.042910884302217296
10,0.2759230190197079,0.25220521044998856,True,True,311,0.04272827293887068,0.04272827293887068
14,0.2851542187214571,0.2589174362029647,True,True,312,0.04282202827830177,0.04282202827830177
12,0.2821879222940512,0.24951648185132136,True,True,313,0.04288847841483344,0.04288847841483344
37,0.2654188338291155,0.2548475702830288,True,True,314,0.04131135640373174,0.04131135640373174
10,0.28928488747792896,0.24781190826534283,True,True,315,0.04270705271514543,0.04270705271514543
11,0.29154953525342076,0.24334502927150894,True,True,316,0.04290493231573474,0.04290493231573474
12,0.2701980646873397,0.2523200176827882,True,True,317,0.04283277476402631,0.04283277476402631
13,0.30354416914123006,0.24757765052821407,True,True,318,0.04275061458402193,0.04275061458402193
11,0.281715045021758,0.24171126792355635,True,True,319,0.04291372223101172,0.04291372223101172
9,0.27647714582857863,0.2430636691985246,True,True,320,0.0426547651732246,0.0426547651732246
10,0.2808478073331321,0.2622012593264915,True,True,321,0.04270446724705403,0.04270446724705403
11,0.22265853091374718,0.25109461460614335,True,True,322,0.04293583733776419,0.04293583733776419
13,0.20508013156944743,0.25642744601369755,False,True,323,0.03314613034095171,0.03314613034095171
12,0.26879608400080485,0.25136961514695416,True,True,324,0.042841978309115555,0.042841978309115555
11,0.22565481519450595,0.2408073207668524,True,True,325,0.042865232870201414,0.042865232870201414
9,0.24683569893974966,0.12657827205956126,True,True,326,0.04230482420845499,0.04230482420845499
10,0.22254690949976663,0.24626892450741975,True,True,327,0.042674185487384796,0.042674185487384796
12,0.21357591061334574,0.10131992662561384,True,False,328,0.042394838846667726,0.042394838846667726
11,0.23788864817918512,0.2506681204523882,True,True,329,0.04288147488444126,0.04288147488444126
10,0.28668899744969084,0.25871320867259384,True,True,330,0.042680063088124644,0.042680063088124644
12,0.2915393285043487,0.24510639036598603,True,True,331,0.04290041619949983,0.04290041619949983
11,0.4379207502924507,0.253053782417383,True,True,332,0.04268387141274578,0.04268387141274578
12,0.28230597199537866,0.24116997343731952,True,True,333,0.04288381127299963,0.04288381127299963
13,0.40897087088132833,0.24703559736343653,True,True,334,0.04266189606102525,0.04266189606102525
11,0.3310571940927532,0.2959419057279877,True,True,335,0.042740415847858135,0.042740415847858135
10,0.2609235922883098,0.1097382834809119,True,True,336,0.04233346835472527,0.04233346835472527
11,0.3071840851405758,0.28683068998804584,True,True,337,0.042791645083528965,0.042791645083528965
9,0.294972367640556,0.23760441925540812,True,True,338,0.04263111501523378,0.04263111501523378
29,0.27708252079165363,0.24961365647731584,True,True,339,0.041709814905729226,0.041709814905729226
12,0.2884013414113205,0.24146135223232482,False,True,340,0.03471524348707642,0.03471524348707642
14,0.29893625803929996,0.25423620956980153,True,True,341,0.04280114166336252,0.04280114166336252
10,0.31056790390974137,0.2452183424661236,True,True,342,0.04274259895670447,0.04274259895670447
13,0.29446836683003863,0.23673702052582624,True,True,343,0.04279496313848153,0.04279496313848153
11,0.2848334141240173,0.24947718898893298,True,True,344,0.0428987492826268,0.0428987492826268
8,0.2558710556894912,0.24329706842431673,True,True,345,0.042391852146387535,0.042391852146387535
11,0.30341095807704194,0.25591224412095714,True,True,346,0.04284724391806219,0.04284724391806219
12,0.2721775431345697,0.2334799130656559,True,False,347,0.04282254897850155,0.04282254897850155
10,0.29089100590512007,0.2616799623209875,True,True,348,0.04266243141296218,0.04266243141296218
12,0.29707979559397674,0.2484350758372217,True,True,349,0.04291423278770078,0.04291423278770078
13,0.3082344525605676,0.24047346788332857,True,True,350,0.0427537568181278,0.0427537568181278
12,0.32442279390128304,0.24604438374767013,True,True,351,0.0428431876409647,0.0428431876409647
13,0.3005262717679766,0.23917864446353373,True,True,352,0.042753010706586186,0.042753010706586186
12,0.3153731531130934,0.24418845520539859,True,True,353,0.04286447886926274,0.04286447886926274
14,0.29547362646959496,0.24752685388638204,True,True,354,0.04279461036973131,0.04279461036973131
10,0.4848684688775521,0.25303300024833786,True,True,355,0.04256917648671018,0.04256917648671018
12,0.3047891823940755,0.2349282377958614,True,True,356,0.042881059000515205,0.042881059000515205
11,0.29744290002980617,0.24201564034292994,True,True,357,0.0429074636851042,0.0429074636851042
9,0.2014551432043108,0.24827825544301857,True,True,358,0.04258459349543835,0.04258459349543835
11,0.3092979423317,0.25711149622331475,True,True,359,0.04286437292593217,0.04286437292593217
12,0.3023281362304631,0.25160292693400876,False,True,360,0.03511263241225652,0.03511263241225652
10,0.29241259956041954,0.2382541087945747,True,True,361,0.042756939626275255,0.042756939626275255
13,0.3148403065516982,0.24398511125294806,True,True,362,0.04279353628468736,0.04279353628468736
11,0.28858408527216506,0.2480635526720329,True,True,363,0.04292821843440844,0.04292821843440844
11,0.27880890323341606,0.25336782355580956,True,True,364,0.042855563850691336,0.042855563850691336
10,0.28689382406140446,0.24167904315604555,True,True,365,0.042707018903444194,0.042707018903444194
12,0.2311994612335052,0.23523472505308995,True,True,366,0.042778890182748316,0.042778890182748316
13,0.2894873077696134,0.24878934488010176,True,False,367,0.04278516563450651,0.04278516563450651
9,0.29462569612787,0.24506059774071046,True,True,368,0.04266694640214015,0.04266694640214015
6,0.2832212636034379,0.23966321577731498,True,True,369,0.04149993778646805,0.04149993778646805
11,0.29816374558989456,0.25802923016645796,True,True,370,0.0428213486631062,0.0428213486631062
12,0.28914867925824456,0.2509776706320193,True,True,371,0.04289176942042495,0.04289176942042495
11,0.28132697597841344,0.24513834968483197,True,True,372,0.042885506366290946,0.042885506366290946
7,0.29383691030933173,0.2328524840609833,True,True,373,0.04211961948762021,0.04211961948762021
10,0.2995894477444351,0.24222747224164556,True,True,374,0.042704550649250585,0.042704550649250585
14,0.28735506594413746,0.22674797563698953,True,True,375,0.042835831341822346,0.042835831341822346
9,0.2721791193857686,0.25415232029009593,True,True,376,0.042622952870544,0.042622952870544
13,0.2776921129458041,0.2490878554446003,True,True,377,0.04281570323604865,0.04281570323604865
11,0.302737985486391,0.2372352234602582,True,True,378,0.04289967797735529,0.04289967797735529
12,0.2925463255540722,0.24574409909442013,True,True,379,0.04289099513246567,0.04289099513246567
10,0.296593009714389,0.24078291235952637,False,True,380,0.035249197873738904,0.035249197873738904
11,0.2857085294075503,0.27113587955213975,True,True,381,0.04280418246236475,0.04280418246236475
12,0.3060181865071512,0.250708070636598,True,True,382,0.04285211054893329,0.04285211054893329
10,0.28103442681455465,0.26490311599143085,True,True,383,0.0426747343640024,0.0426747343640024
12,0.24622151606952514,0.24725960588463236,True,True,384,0.04279871285615387,0.04279871285615387
11,0.2987750584322909,0.25447972205854436,True,True,385,0.04284794156616536,0.04284794156616536
10,0.29041459041681694,0.2368774506180749,True,False,386,0.042772125588378195,0.042772125588378195
23,0.3024887609979687,0.2595634822863386,True,True,387,0.042256827371427275,0.042256827371427275
13,0.26561786724293523,0.24277800828759213,True,True,388,0.04278879137594069,0.04278879137594069
11,0.31257253721649564,0.24703741677587038,True,True,389,0.042923603137183165,0.042923603137183165
9,0.3130396930984122,0.2506040725720197,True,True,390,0.04270407503131919,0.04270407503131919
32,0.3213713987087349,0.2475842749689958,True,True,391,0.04161826747039169,0.04161826747039169
4,0.30984475859398786,0.14432762059494664,True,True,392,0.038652092020121605,0.038652092020121605
12,0.3353010893775188,0.2561525887096262,True,True,393,0.04281218343794475,0.04281218343794475
40,0.3147432271014847,0.24583747356646143,True,True,394,0.041135387912630605,0.041135387912630605
8,0.30578151224306227,0.2526918981476477,True,True,395,0.04241258886278449,0.04241258886278449
14,0.31888036663842323,0.23933362380542195,True,True,396,0.042810057808990956,0.042810057808990956
10,0.32599482852836903,0.2491557028083291,True,True,397,0.04274951908490037,0.04274951908490037
12,0.2981012590382855,0.23175111734845474,False,True,398,0.03474276621192085,0.03474276621192085
11,0.30847750412984654,0.24328005999183908,True,True,399,0.04291765565892756,0.04291765565892756
11,0.31077863515239373,0.23618440220709694,True,True,400,0.04290922752885432,0.04290922752885432
10,0.3190715630152575,0.27521582220056284,True,True,401,0.04268986735443997,0.04268986735443997
26,0.30681799064169973,0.2409731007485489,True,True,402,0.04205516874969113,0.04205516874969113
11,0.3135454388327598,0.24330237592059717,True,True,403,0.042891556406707124,0.042891556406707124
9,0.30300497445173974,0.2456549637524302,True,True,404,0.04267194602570325,0.04267194602570325
10,0.30257848870424947,0.2393440804186842,True,True,405,0.04275867416655117,0.04275867416655117
11,0.3090316537619365,0.23379071541358967,True,True,406,0.04288213533967284,0.04288213533967284
12,0.295989607311882,0.24473770245391244,True,False,407,0.042891640935960144,0.042891640935960144
9,0.29891720555221074,0.18260211020181633,True,True,408,0.04252468479604835,0.04252468479604835
11,0.31834523896411066,0.25287132265193996,True,True,409,0.042875784375115175,0.042875784375115175
10,0.30684671685521314,0.23927523698614778,True,True,410,0.04276213761181931,0.04276213761181931
13,0.2929783977096635,0.2597964816343201,True,True,411,0.0427649496183093,0.0427649496183093
11,0.4285027627424078,0.2486016955638564,True,True,412,0.04273078740238956,0.04273078740238956
12,0.2995090264637243,0.24365402220559182,True,True,413,0.04291629417442232,0.04291629417442232
13,0.220025467267696,0.16185873926378883,True,True,414,0.04257799007017771,0.04257799007017771
12,0.30949486178893354,0.25287845035558437,True,True,415,0.04282818200793534,0.04282818200793534
12,0.30279248110892065,0.2455355928044537,True,True,416,0.042882410341509844,0.042882410341509844
13,0.31233434958527323,0.25034137285207086,True,True,417,0.04277884960870666,0.04277884960870666
11,0.2988281644002879,0.2561817252749642,False,True,418,0.03527466484714536,0.03527466484714536
10,0.30481902059920835,0.24293576708299275,True,True,419,0.04275309861700958,0.04275309861700958
8,0.2951231627157811,0.22922676268459,True,True,420,0.04240023632124899,0.04240023632124899
14,0.3147315353275928,0.23569370902721085,True,True,421,0.042820869664004516,0.042820869664004516
12,0.32493998186885253,0.24636186086032438,True,True,422,0.042835838104162444,0.042835838104162444
10,0.30028469261125956,0.24893539273071974,True,True,423,0.042698586265144195,0.042698586265144195
12,0.4490521862914077,0.23857024783569708,True,True,424,0.042622444567967946,0.042622444567967946
11,0.29336339481363755,0.2435604894406722,True,False,425,0.04290138659532684,0.04290138659532684
11,0.307056902320135,0.25632462602902334,True,True,426,0.04284796185318608,0.04284796185318608
12,0.29153920004923833,0.2525743689722123,True,True,427,0.04285199446209222,0.04285199446209222
9,0.20995281809172608,0.24743853912323732,True,True,428,0.04257188593103946,0.04257188593103946
13,0.30006442308958053,0.24066358672314195,True,True,429,0.042770292994168665,0.042770292994168665
10,0.33054791624599433,0.23255522457283667,True,True,430,0.042699899286210756,0.042699899286210756
11,0.305121620638949,0.25045246046773845,True,True,431,0.04290408589614589,0.04290408589614589
12,0.3128566878643212,0.24365976449883736,True,True,432,0.04284284952395199,0.04284284952395199
10,0.29619937912307837,0.23609345071985025,True,True,433,0.042751019197380634,0.042751019197380634
11,0.2903812811254123,0.24647248327999405,True,True,434,0.04291416291018501,0.04291416291018501
12,0.287960694624999,0.27863694936817174,True,True,435,0.04281212708510955,0.04281212708510955
11,0.29194429095652474,0.2405032090134839,True,True,436,0.042901178089835554,0.042901178089835554
13,0.2869914758136802,0.24544023911448165,False,True,437,0.03455505153579414,0.03455505153579414
10,0.29453020244734957,0.25209178797328796,True,True,438,0.04271001462017783,0.04271001462017783
9,0.30125229076596544,0.260862513523234,True,True,439,0.04265914153442738,0.04265914153442738
12,0.36375814493192254,0.2382753344330546,True,True,440,0.04280252343488832,0.04280252343488832
11,0.3199614719631765,0.24356000239919223,True,True,441,0.04288534519718144,0.04288534519718144
10,0.2883315602939997,0.2480408819163728,True,True,442,0.04270465208435433,0.04270465208435433
13,0.2958709916166441,0.2552971173394276,True,True,443,0.04274376771451211,0.04274376771451211
11,0.3067922926147035,0.24239746208545634,True,True,444,0.04290659472438116,0.04290659472438116
12,0.29949389280893957,0.24919103504880286,True,False,445,0.04289103908767729,0.04289103908767729
10,0.29102659952597904,0.23749777219293725,True,True,446,0.042765268575358,0.042765268575358
14,0.27746164264202616,0.22418943870518648,True,True,447,0.04282307869515508,0.04282307869515508
11,0.3119889364599255,0.23213699581794078,True,True,448,0.042873117758940635,0.042873117758940635
13,0.28377448197383426,0.2472650420510674,True,True,449,0.04280786230252114,0.04280786230252114
8,0.23783373630150564,0.25482390983029335,True,True,450,0.042430618388965204,0.042430618388965204
12,0.3876344711173106,0.24124485704533016,True,True,451,0.04270615895917459,0.04270615895917459
21,0.30411437593274027,0.2513391580162024,True,True,452,0.04241639944151914,0.04241639944151914
9,0.2946594878405401,0.2449988622634899,True,True,453,0.042666636461545046,0.042666636461545046
10,0.25093358688394723,0.2355511389394779,True,True,454,0.04271428052982302,0.04271428052982302
11,0.3079805235249769,0.25836711382673094,True,True,455,0.042841633429762535,0.042841633429762535
12,0.3179145625206796,0.24590027525770777,True,True,456,0.04287050186031795,0.04287050186031795
11,0.2897981989374545,0.2404508326961276,False,True,457,0.03486562553675991,0.03486562553675991
11,0.2994128082751618,0.2517904054534066,True,True,458,0.0429169940766391,0.0429169940766391
10,0.3006580256594688,0.26182726816394625,True,True,459,0.042666805520051525,0.042666805520051525
14,0.3099266656715188,0.25292521872069057,True,True,460,0.04282104210368102,0.04282104210368102
12,0.30169202069272816,0.26475264022127326,True,True,461,0.04283713083820823,0.04283713083820823
13,0.4707789772255714,0.2505621250151349,True,True,462,0.04266023590649222,0.04266023590649222
11,0.3054649900043949,0.25644114503235527,True,True,463,0.04284432934941159,0.04284432934941159
5,0.3405088069666472,0.2501063084259455,True,False,464,0.04031517577350886,0.04031517577350886
9,0.3164246903038276,0.24307548963017825,True,True,465,0.04264734463184968,0.04264734463184968
12,0.29778074786618947,0.2551207095212053,True,True,466,0.04286664169108809,0.04286664169108809
10,0.2968367808146549,0.2377242524108852,True,True,467,0.04277194864047487,0.04277194864047487
11,0.3236943608710364,0.2483144078563239,True,True,468,0.04287195576347328,0.04287195576347328
13,0.3108975499155321,0.2314250494056671,True,True,469,0.04282956265240436,0.04282956265240436
34,0.30396876677411216,0.24349729036553439,True,True,470,0.04156219414498394,0.04156219414498394
10,0.2846282189575356,0.2534517946535179,True,True,471,0.04269301296971604,0.04269301296971604
12,0.29470265927009676,0.23955162245994804,True,True,472,0.04290907537619832,0.04290907537619832
11,0.30025922452620135,0.24713215174917783,True,True,473,0.0429161048288954,0.0429161048288954
9,0.30941972382469296,0.23530362727809095,True,True,474,0.042697080517380435,0.042697080517380435
10,0.3757053945791098,0.24468629554512322,True,True,475,0.04277245130776723,0.04277245130776723
11,0.31551363057775705,0.2508943336998909,False,True,476,0.035479177176469534,0.035479177176469534
11,0.3020679923268833,0.25819223535371894,True,True,477,0.042807289757712655,0.042807289757712655
10,0.30697295524445456,0.22792274694206455,True,True,478,0.04269800470388219,0.04269800470388219
7,0.2913633317286682,0.24592553816856857,True,True,479,0.04211141338771879,0.04211141338771879
11,0.3016407223369753,0.24122339427743436,True,True,480,0.04292248396987082,0.04292248396987082
9,0.40164283540728185,0.24047930279778978,True,True,481,0.0425420268176364,0.0425420268176364
10,0.31570328297972283,0.23886595857580306,True,True,482,0.042761181867729654,0.042761181867729654
11,0.30231376191367765,0.2514935177907625,True,False,483,0.0428979107524349,0.0428979107524349
9,0.3100092611161361,0.23599384960849712,True,True,484,0.04267731306975362,0.04267731306975362
11,0.2737846416892047,0.24684511775556078,True,True,485,0.0428631545776294,0.0428631545776294
11,0.2819910228764583,0.2438210775716312,True,True,486,0.04288968211139941,0.04288968211139941
10,0.2997520238586904,0.24879236195977705,True,True,487,0.0427044266730125,0.0427044266730125
12,0.30547263092178195,0.2541086229003137,True,True,488,0.04284641778549401,0.04284641778549401
11,0.3221900379448979,0.23281322049426836,True,True,489,0.04284431131650414,0.04284431131650414
9,0.29069623592107496,0.2431814911000313,True,True,490,0.04266439474575001,0.04266439474575001
24,0.29553040025682475,0.2584341776839576,True,True,491,0.04219708322231666,0.04219708322231666
10,0.3117092503961883,0.2400072333383886,True,True,492,0.04277708914612669,0.04277708914612669
11,0.2869229906761936,0.24818784140140135,True,True,493,0.042914134733767345,0.042914134733767345
12,0.3028876578420782,0.13726456580103963,True,True,494,0.04256281988686874,0.04256281988686874
10,0.29939648940097907,0.25096999061402114,False,True,495,0.035487045159357994,0.035487045159357994
8,0.2927648926415176,0.23541119204401,True,True,496,0.042456526041545074,0.042456526041545074
11,0.334593058920543,0.2450383026985099,True,True,497,0.0428348677083358,0.0428348677083358
10,0.27902356422737273,0.2408176834120574,True,True,498,0.04271135807177545,0.04271135807177545
12,0.30713649581819324,0.2530503326029971,True,True,499,0.042828863877244515,0.042828863877244515
